index,Date,Name,Nationality,Cause of death,top_id,Year,Month
0,3 May 2019,Wui Kin Chin,Malaysia,Hypothermia/Frostbite,1,2019,5
1,24 March 2015,Samuli Mansikka,Finland,Fall,1,2015,3
2,24 March 2015,Pemba Sherpa,Nepal,Fall,1,2015,3
3,7 October 2012,Ivan Lobanov,Uzbekistan,Avalanche,1,2012,10
4,7 October 2012,Iljas Tukhvatullin,Uzbekistan,Avalanche,1,2012,10
5,5 May 2012,Tibor Horváth,Hungary,Avalanche,1,2012,5
6,18 October 2011,Young-seok Park,South Korea,Unknown,1,2011,10
7,18 October 2011,Dong-min Shin,South Korea,Unknown,1,2011,10
8,18 October 2011,Ki-seok Kang,South Korea,Unknown,1,2011,10
9,29 April 2010,Tolo Calafat,Spain,Unknown,1,2010,4
10,April 2009,Martin Minařík,Czech Republic,Fell into Crevasse,1,2009,4
11,23 May 2008,Iñaki Ochoa de Olza,Spain,HACE,1,2008,5
12,22 April 2007,Udhav Prasad Khanal,Nepal,Unknown,1,2007,4
13,22 October 2006,Lhakpa Rita II,Nepal,Avalanche,1,2006,10
14,18 May 2005,Christian Kuntner,Italy,Avalanche,1,2005,5
15,10 October 2004,Hideji Nazuka,Japan,Avalanche,1,2004,10
16,10 October 2004,Michio Sato,Japan,Avalanche,1,2004,10
17,29 April 1999,Hyun-ok Ji,South Korea,Unknown,1,1999,4
18,29 April 1999,Dorje Kami,Nepal,Unknown,1,1999,4
19,26 April 1998,Ang Tshering,Nepal,Avalanche,1,1998,4
20,25 December 1997,Anatoli Boukreev,Kazakhstan,Avalanche,1,1997,12
21,25 December 1997,Dmitri Sobolev,Kazakhstan,Avalanche,1,1997,12
22,23 March 1997,Ngati,Nepal,Fall,1,1997,3
23,11 October 1992,Pierre Béghin,France,Fall,1,1992,10
24,20 October 1991,Gabriel Denamur,Belgium,Unknown,1,1991,10
25,19 September 1991,Seog-jee Lee,South Korea,Avalanche,1,1991,9
26,19 September 1991,Song-gu Lee,South Korea,Avalanche,1,1991,9
27,19 September 1991,Sange Dawa,Nepal,Avalanche,1,1991,9
28,19 September 1991,Tendi Lhakpa,Nepal,Avalanche,1,1991,9
29,19 September 1991,Jangbu Nurbu,Nepal,Avalanche,1,1991,9
30,19 September 1991,Tenzing,Nepal,Avalanche,1,1991,9
31,28 October 1989,Milan Metkov,Bulgaria,Unknown,1,1989,10
32,28 October 1989,Ognian Stoykov,Bulgaria,Unknown,1,1989,10
33,18 October 1988,Ramiro Navarrete,Ecuador,Fall,1,1988,10
34,1 October 1988,Jiri Pelikan,Czechoslovakia,Fall on descent,1,1988,10
35,29 September 1988,Akihiro Mori,Japan,Avalanche,1,1988,9
36,29 September 1988,Ang Dawa,Japan,Avalanche,1,1988,9
37,20 December 1987,Toshiyuki Kobayashi,Japan,Fall,1,1987,12
38,20 December 1987,Yasuhira Saito,Japan,Fall,1,1987,12
39,24 May 1987,Andres Ferrer,Spain,Fall,1,1987,5
40,23 September 1986,Benoit Grison,France,Fall,1,1986,9
41,7 December 1984,Pasang Norbu,Nepal,Unknown,1,1984,12
42,7 December 1984,Keepa,Nepal,Unknown,1,1984,12
43,21 April 1984,Philippe Dumas,France,Avalanche,1,1984,4
44,21 April 1984,Patrick Taglianut,France,Avalanche,1,1984,4
45,24 September 1983,Yang-kun Chung,South Korea,Avalanche,1,1983,9
46,24 September 1983,Magar Maila,Nepal,Avalanche,1,1983,9
47,24 September 1983,Rama Magar Tika,Nepal,Avalanche,1,1983,9
48,18 October 1982,Susumu Akimatsu,Japan,Avalanche,1,1982,10
49,18 October 1982,Miko Ono,Japan,Avalanche,1,1982,10
50,17 October 1982,Alex MacIntyre,United Kingdom,Rock fall,1,1982,10
51,12 May 1982,Rai Shanti,Nepal,Fall,1,1982,5
52,4 May 1982,Werner Bürkli,Switzerland,Heart attack,1,1982,5
53,31 October 1981,Yasuji Kato,Japan,Fall,1,1981,10
54,28 September 1981,Andre Durieux,France,Avalanche,1,1981,9
55,28 September 1981,Yves Favre,France,Avalanche,1,1981,9
56,27 September 1981,Ang Nima,Nepal,Avalanche,1,1981,9
57,27 September 1981,Pemba Tshering,Nepal,Avalanche,1,1981,9
58,19 September 1979,Eric Roberts,United Kingdom,Avalanche,1,1979,9
59,19 September 1979,Maynard Cohick,United States,Avalanche,1,1979,9
60,19 September 1979,Gil Harder,United States,Avalanche,1,1979,9
61,1 May 1979,Yves Morin,France,Exhaustion,1,1979,5
62,17 October 1978,Alison Chadwick-Onyszkiewicz,United Kingdom,Fall,1,1978,10
63,17 October 1978,Vera Watson,United States,Fall,1,1978,10
64,16 April 1975,Franz Tegischer,Austria,Avalanche,1,1975,4
65,26 September 1973,Leo Cerruti,Italy,Avalanche,1,1973,9
66,26 September 1973,Miller Rava,Italy,Avalanche,1,1973,9
67,18 May 1973,Tadashi Ushigoe,Japan,Avalanche,1,1973,5
68,18 May 1973,Sadatoshi Takahashi,Japan,Avalanche,1,1973,5
69,18 May 1973,Masanori Hama,Japan,Avalanche,1,1973,5
70,18 May 1973,Kazumi Katagiri,Japan,Avalanche,1,1973,5
71,18 May 1973,Rinje,Nepal,Avalanche,1,1973,5
72,30 May 1970,Ian Clough,United Kingdom,Serac fall,1,1970,5
0,19 July 2021,Kim Hong-bin,South Korea,Fall,2,2021,7
1,July 2015,Qamber Ali Jangjupa,Pakistan,Avalanche,2,2015,7
2,23 July 2013,Aidin Bozorgi,Iran,Disappeared,2,2013,7
3,23 July 2013,Mojtaba Jarrahi [fa],Iran,Disappeared,2,2013,7
4,23 July 2013,Pouya Keivan [fa],Iran,Disappeared,2,2013,7
5,8 July 2013,Dana Heide,Germany,Slipped into a glacial stream near base camp,2,2013,7
6,6 March 2013,Maciej Berbeka,Poland,Disappeared,2,2013,3
7,6 March 2013,Tomasz Kowalski,Poland,Presumably exhaustion,2,2013,3
8,31 July 2012,Muhammad Baqir,Pakistan,Fall,2,2012,7
9,31 July 2012,Zuzana Hofmannová,Czech Republic,Disappeared,2,2012,7
10,25 July 2011,Jeffrey Wai Hung Chung,Hong Kong,Fall in crevasse,2,2011,7
11,18 July 2009,Cristina Castagna,Italy,Fall,2,2009,7
12,30 June 2008,Vlado Plulik,Slovakia,Disappeared,2,2008,6
13,8 July 2006,Markus Kronthaler,Austria,Exhaustion,2,2006,7
14,11 July 1999,Seung-Kwon Hur,South Korea,Disappeared,2,1999,7
15,29 July 1998,Pascale Bessieres,France,Disappeared,2,1998,7
16,29 July 1998,Eric Escoffier,France,Disappeared,2,1998,7
17,16 July 1997,Jeffrey Ian Bubb,United States,Avalanche,2,1997,7
18,16 July 1997,Fukuzo Yokotagawa,Japan,Avalanche,2,1997,7
19,20 July 1996,Dong-keun Han,South Korea,Died on descent due to bad weather,2,1996,7
20,20 July 1996,Jae-mo Yang,South Korea,Died on descent due to bad weather,2,1996,7
21,20 July 1996,Sun-taek Lim,South Korea,Died on descent due to bad weather,2,1996,7
22,12 July 1995,Hyun-jae Park,South Korea,Fall,2,1995,7
23,22 June 1994,Alexej Himer,Czech Republic,Fall,2,1994,6
24,11 June 1994,Bohuslav Bilek,Czech Republic,Pulmonary edema,2,1994,6
25,24 July 1990,Kurt Lyncke-Krüger,West Germany,Fall,2,1990,7
26,20 August 1988,Yong-il Jang,South Korea,Avalanche,2,1988,8
27,22 August 1986,Liam Scott Elliott,United Kingdom,Fell,2,1986,8
28,18 August 1985,Barbara Kozłowska,Poland,Drowned in a glacier stream above BC,2,1985,8
29,16 May 1985,Hans Frick,Canada,Avalanche,2,1985,5
30,29 June 1983,Peter Thexton,United Kingdom,Pulmonary edema,2,1983,6
31,5 August 1981,Enric Pujol,Spain,Fall,2,1981,8
32,29 July 1975,Andrzej Sikorski,Poland,Fall,2,1975,7
33,29 July 1975,Marek Kęsicki,Poland,Fall,2,1975,7
34,28 July 1975,Bohdan Nowaczyk,Poland,Fall,2,1975,7
0,1 May 2019,Phujung Bhote,Nepal,Crevasse,3,2019,5
1,16 May 2018,Park Shin-yong,South Korea,Exhaustion or altitude sickness,3,2018,5
2,26 September 2011,Joerg Henning,Germany,Avalanche,3,2011,9
3,23 September 2011,Rostislav Krpec,Czech Republic,Unknown,3,2011,9
4,22 May 2011,Ronald Naar,Netherlands,Arrhythmia,3,2011,5
5,3 October 2010,Walter Nones,Italy,Fall,3,2010,10
6,3 May 2010,Serguey Nikitin,Russia,Altitude sickness,3,2010,5
7,25 September 2009,Clifton Maloney,United States,Illness,3,2009,9
8,2 June 2009,Dennis Verhoeve,Netherlands,Fall,3,2009,6
9,5 October 2008,Miha Valič,Slovenia,Altitude sickness,3,2008,10
10,4 October 2008,Guy Leveille,Canada,Fall,3,2008,10
11,9 May 2006,Raymund Spang,Germany,Fall,3,2006,5
12,11 May 2005,Lubos Stacho,Slovakia,Illness,3,2005,5
13,13 October 2004,Xabier Ormazabal,Spain,Hypothermia,3,2004,10
14,6 October 2003,Christos Barouchas,Greece,Exhaustion,3,2003,10
15,16 May 2003,Guenter Welkisch,Germany,Altitude sickness,3,2003,5
16,14 May 2003,Paul Carr,Australia,Illness,3,2003,5
17,14 May 2002,Adam Cinnamond,United Kingdom,Crevasse,3,2002,5
18,30 April 2002,Chhong Ringee,Nepal,Unknown,3,2002,4
19,9 September 2001,Su-ya Kim,South Korea,Altitude sickness,3,2001,9
20,11 October 2000,Pavle Milošević,Serbia and Montenegro,Illness,3,2000,10
21,20 September 2000,Pemba Gyalzen,Nepal,Avalanche,3,2000,9
22,20 September 2000,Pasang Nuru,Nepal,Avalanche,3,2000,9
23,20 September 2000,Pasang Nima,Nepal,Avalanche,3,2000,9
24,4 May 2000,Pavel Bonadysenko,Russia,Fall,3,2000,5
25,4 May 2000,Noora Toivonen,Finland,Fall,3,2000,5
26,feb 1999,Joan Carrillo Junca,Spain,Fall,3,1999,2
27,26 September 1998,Alexander Jaggi,Switzerland,Illness,3,1998,9
28,13 May 1998,Gerald Roesner,Germany,Fall,3,1998,5
29,30 April 1998,Viktor Stepanov,Russia,Illness,3,1998,4
30,10 October 1996,Lubos Becak,Czech Republic,Altitude sickness,3,1996,10
31,6 October 1996,Hiroshi Oya,Japan,Altitude sickness,3,1996,10
32,20 April 1996,Friedrich Zintl,Germany,Illness,3,1996,4
33,8 October 1994,Lhakpa Gyalu,Nepal,Illness,3,1994,10
34,24 January 1994,Juan Carlos Piedra,Switzerland,Fall,3,1994,1
35,24 January 1994,Jean-Luc Beausire,Switzerland,Fall,3,1994,1
36,20 May 1992,Philippe Monnerat,Switzerland,Fall,3,1992,5
37,21 October 1991,Yuri Grebeniuk,Soviet Union,Falling rock/ice,3,1991,10
38,11 May 1991,Horst Wasmann,Germany,Fall,3,1991,5
39,jul 1999,Chandra Gurung,Nepal,Illness,3,1990,7
40,25 December 1989,Ang Lhakpa Nuru,Nepal,Fall,3,1989,12
41,29 September 1988,Daniel Bovero,France,Altitude sickness,3,1988,9
42,12 May 1988,Stefan Wörner,Switzerland,Altitude sickness,3,1988,5
43,23 October 1986,Pierre-Alain Steiner,Switzerland,Fall,3,1986,10
44,19 May 1982,Reinhard Karl,West Germany,Avalanche,3,1982,5
45,7 May 1964,Alois Thurmayr,West Germany,Altitude sickness,3,1964,5
46,4 May 1964,Georg Huber,West Germany,Altitude sickness,3,1964,5
47,2 October 1959,Chhowang,Nepal,Avalanche,3,1959,10
48,2 October 1959,Ang Norbu,Nepal,Avalanche,3,1959,10
49,2 October 1959,Claudine van der Straten-Ponthoz,Belgium,Avalanche,3,1959,10
50,2 October 1959,Claude Kogan,France,Avalanche,3,1959,10
51,28 April 1958,Narendra Dhar Jayal,India,Altitude sickness,3,1958,4
0,12 April 2022,Antonios Sykaris,Greece,Illness,4,2022,4
1,27 September 2018,Dawa Gyaljen Sherpa,Nepal,Avalanche,4,2018,9
2,30 April 2018,Simone La Terra,Italy,Storm,4,2018,4
3,20 May 2017,Ang Ngima Sherpa,Nepal,Fall/Exposure,4,2017,5
4,19 May 2016,Rajib Bhattacharya,India,Altitude sickness,4,2016,5
5,16 May 2016,Christiaan Johan Wilson,Netherlands,Disappeared,4,2016,5
6,15 October 2014,Ján Matlák,Slovakia,Avalanche,4,2014,10
7,15 October 2014,Vladimír Švancár,Slovakia,Avalanche,4,2014,10
8,15 October 2014,Bhoj Kumar Rai,Nepal,Avalanche,4,2014,10
9,15 October 2014,Gopal Rai,Nepal,Avalanche,4,2014,10
10,15 October 2014,Dorje Sherpa,Nepal,Avalanche,4,2014,10
11,26 May 2013,Juanjo Garra,Spain,Fall and exposure,4,2013,5
12,23 May 2013,Chizuko Kono,Japan,Exhaustion,4,2013,5
13,23 May 2013,Dawa Sherpa,Nepal,Disappeared,4,2013,5
14,28 September 2010,Daisuke Honda,Japan,Avalanche,4,2010,9
15,28 September 2010,Osamu Tanabe,Japan,Avalanche,4,2010,9
16,28 September 2010,Pasang Gyelu,Nepal,Avalanche,4,2010,9
17,28 September 2010,Toshio Yamamoto,Japan,Avalanche,4,2010,9
18,13 May 2010,Zhao Liang,China,Fall,4,2010,5
19,13 May 2010,Li Bin,China,Cold/ Exhaustion,4,2010,5
20,13 May 2010,Han Xin,China,Fall,4,2010,5
21,1 May 2009,Mehdi Etemad Far,Iran,Fall,4,2009,5
22,8 April 2009,Piotr Morawski,Poland,Fall into crevasse,4,2009,4
23,5 May 2008,Rafael Guillén,Spain,Fall,4,2008,5
24,5 May 2008,Darío Bracali,Argentina,Disappeared,4,2008,5
25,12 May 2007,Santiago Sagaste,Spain,Avalanche,4,2007,5
26,12 May 2007,Ricardo Valencia,Spain,Avalanche,4,2007,5
27,30 April 2007,Sergio Dalla Longa,Italy,Fall,4,2007,4
28,14 October 2001,Yukihiko Shinagawa,Japan,Disappeared,4,2001,10
29,14 October 2001,Ryushi Hoshino,Japan,Disappeared,4,2001,10
30,14 October 2001,Masashi Fukumoto,Japan,Disappeared,4,2001,10
31,11 October 2001,Jose Antonio Garces,Spain,Fall,4,2001,10
32,7 October 2000,Gyalzen Chuldim,Nepal,Avalanche,4,2000,10
33,29 September 2000,Soo-ho Lee,South Korea,Avalanche,4,2000,9
34,24 October 1999,Ginette Harrison,United Kingdom,Avalanche,4,1999,10
35,24 October 1999,Dawa Dorje,Nepal,Avalanche,4,1999,10
36,2 October 1998,Charalampos (Babis) Tsoupras,Greece,Fall,4,1998,10
37,11 May 1998,Chantal Mauduit,France,Avalanche,4,1998,5
38,11 May 1998,Ang Tshering,Nepal,Avalanche,4,1998,5
39,1 May 1998,Nikos Papandreou,Greece,Fall,4,1998,5
40,6 October 1995,Isayoshi Tawaraya,Japan,Disappeared,4,1995,10
41,15 May 1995,Albrecht Hammann,Germany,Exposure,4,1995,5
42,18 October 1994,Galina Chekanova,Ukraine,Fall,4,1994,10
43,26 September 1994,Robert Bähler,Switzerland,Fall,4,1994,9
44,6 October 1993,Gary Ball,New Zealand,Altitude Sickness,4,1993,10
45,11 May 1992,Sanda Dumitrescu-Isaila,Romania,Disappeared,4,1992,5
46,11 May 1992,Taina Coliban,Romania,Disappeared,4,1992,5
47,2 May 1992,Hubert Weinzierl,Germany,Heart Failure,4,1992,5
48,31 October 1990,Dainius Makauskas,Lithuania,Disappeared,4,1990,10
49,29 April 1990,Wangel,Nepal,Avalanche,4,1990,4
50,25 December 1989,Scot McGrath,United States,Avalanche,4,1989,12
51,25 December 1989,Gregory Barber,United States,Avalanche,4,1989,12
52,25 December 1989,Wangchuk Nuru,Nepal,Avalanche,4,1989,12
53,10 October 1989,Francesc (Quico) Dalmases,Spain,Disappeared,4,1989,10
54,25 September 1989,Sarki Kami,Nepal,Avalanche,4,1989,9
55,25 September 1989,Ajiwa,Nepal,Avalanche,4,1989,9
56,21 September 1986,Franz Mülleder,Austria,Edema,4,1986,9
57,23 October 1984,Jan Simon,Czechoslovakia,Fall,4,1984,10
58,23 May 1981,Mario Serrano,Argentina,Cold/Exhaustion,4,1981,5
59,7 October 1980,Lynette R. Griffith,Australia,Avalanche,4,1980,10
60,14 May 1979,Sherpa Pemba,Nepal,Disappeared,4,1979,5
61,13 May 1979,Jean-Louis Sabarly,France,Avalanche,4,1979,5
62,13 May 1979,Eric Poumailloux,France,Avalanche,4,1979,5
63,20 October 1978,Katsuyoshi Kogure,Japan,Fall/Exposure,4,1978,10
64,23 September 1978,Kiyoshi Kobayashi,Japan,Avalanche,4,1978,9
65,23 September 1978,Yujiro Fukasawa,Japan,Avalanche,4,1978,9
66,23 September 1978,Hiroshi Akuzawa,Japan,Avalanche,4,1978,9
67,21 April 1978,Katsumi Naganuma,Japan,Exhaustion,4,1978,4
68,26 March 1975,Yoshitada Numao,Japan,Avalanche,4,1975,3
69,26 March 1975,Tetsu Imura,Japan,Avalanche,4,1975,3
70,26 March 1975,Pasang Kami,Nepal,Avalanche,4,1975,3
71,26 March 1975,Dorje,Nepal,Avalanche,4,1975,3
72,26 March 1975,Dakiya,Nepal,Avalanche,4,1975,3
73,28 April 1969,David Seidman,United States,Avalanche,4,1969,4
74,28 April 1969,Ross William,United States,Avalanche,4,1969,4
75,28 April 1969,Vincent Hoeman,United States,Avalanche,4,1969,4
76,28 April 1969,Paul Gerhard,United States,Avalanche,4,1969,4
77,28 April 1969,Boyd Everett,United States,Avalanche,4,1969,4
78,28 April 1969,Pemba Phutar,Nepal,Avalanche,4,1969,4
79,28 April 1969,Tenzing,Nepal,Avalanche,4,1969,4
80,29 April 1959,Heinrich Roiss,Austria,Cold/Exhaustion,4,1959,4
81,26 May 1956,Bal Bahadur,Nepal,Avalanche,4,1956,5
82,30 June 1954,Francisco (Paco) Ibanez,Argentina,Exposure,4,1954,6
0,"May 8, 2022",Pavel Kostrikin,Russia,Fell sick,5,2022,5
1,"April 14, 2022",Ngimi Tenji Sherpa,Nepal,Exhaustion and collapse,5,2022,4
2,"May 23, 2021",Wong Dorchi Sherpa,Nepal,Fall into a crevasse,5,2021,5
3,"May 18, 2021",Pemba Tashi Sherpa,Nepal,Fall into a crevasse,5,2021,5
4,"May 12, 2021",Abdul Waraich,Switzerland,Exhaustion,5,2021,5
5,"May 12, 2021",Puwei Liu,United States,Exhaustion,5,2021,5
6,"May 27, 2019",Christopher Jon Kulish,United States,Cardiac event during descent,5,2019,5
7,"May 25, 2019",Robin Haynes Fisher,United Kingdom,Exhaustion during descent,5,2019,5
8,"May 24, 2019",Dhruba Bista,Nepal,Exhaustion and altitude sickness,5,2019,5
9,"May 24, 2019",Kevin Hynes,Ireland,Altitude sickness,5,2019,5
10,"May 23, 2019",Kalpana Dash,India,Exhaustion on descent,5,2019,5
11,"May 23, 2019",Anjali S Kulkarni,India,Exhaustion on descent,5,2019,5
12,"May 23, 2019",Ernst Landgraf,Austria,Exhaustion on descent,5,2019,5
13,"May 23, 2019",Nihal Bagwan,India,Exhaustion on descent,5,2019,5
14,"May 22, 2019",Donald Cash,United States,Altitude sickness,5,2019,5
15,"May 17, 2019",Ravi Thakar,India,Altitude sickness,5,2019,5
16,"May 16, 2019",Séamus (Shay) Lawless,Ireland,Presumed dead after fall,5,2019,5
17,"April 20, 2019",Chris Daly,United States,Died after a fall while trekking down from base camp,5,2019,4
18,"May 21, 2018",Damai Sarki Sherpa,Nepal,Fall into a crevasse,5,2018,5
19,"May 21, 2018",Nobukazu Kuriki,Japan,"Hypothermia, had previously reported ""persistent cough and pain"" during attempt",5,2018,5
20,"May 20, 2018",Gjeorgi Petkov,North Macedonia,Cardiac arrest,5,2018,5
21,"May 18, 2018",Pasang Norbu Sherpa,Nepal,Stroke,5,2018,5
22,"May 14, 2018",Lam Babu Sherpa,Nepal,Disappearance (reportedly suffered from snow blindness),5,2018,5
23,"May 21, 2017",Ravi Kumar,India,Fall into a 200m crevasse,5,2017,5
24,"May 21, 2017",Francesco Enrico Marchetti,Australia,Altitude sickness,5,2017,5
25,"May 21, 2017",Vladimír Štrba,Slovakia,Altitude sickness,5,2017,5
26,"May 20, 2017",Roland Yearwood,United States,Altitude sickness,5,2017,5
27,"May 5, 2017",Min Bahadur Sherchan,Nepal,Heart Attack,5,2017,5
28,"May 22, 2016",Goutam Ghosh,India,Exposure,5,2016,5
29,"May 22, 2016",Paresh Chandra Nath,India,Exposure,5,2016,5
30,"May 22, 2016",Subhash Pal,India,Altitude sickness,5,2016,5
31,"May 22, 2016",Marisa Elizabeth Strydom,Australia  South Africa,"Snow blindness, stroke",5,2016,5
32,"May 21, 2016",Eric Arnold,Netherlands,Altitude sickness,5,2016,5
33,"May 19, 2016",Phurba Sherpa,Nepal,Fall,5,2016,5
34,"May 11, 2016",Charles MacAdams,Canada,Cardiac event,5,2016,5
35,"May 1, 2015",Jangbu Sherpa,Nepal,Died in Kathmandu due to injuries sustained in the Base Camp avalanche following the April 2015 Nepal earthquake,5,2015,5
36,"April 25, 2015",Unknown climber,?,Base Camp avalanche following the April 2015 Nepal earthquake,5,2015,4
37,"April 25, 2015",Shiva Kumar Shrestha,Nepal,Base Camp avalanche following the April 2015 Nepal earthquake,5,2015,4
38,"April 25, 2015",Vinh B Truong,United States Vietnam,Base Camp avalanche following the April 2015 Nepal earthquake,5,2015,4
39,"April 25, 2015",Lhakpa Chhiring Sherpa,Nepal,Base Camp avalanche following the April 2015 Nepal earthquake,5,2015,4
40,"April 25, 2015",Renu Fotedar,Australia India,Base Camp avalanche following the April 2015 Nepal earthquake,5,2015,4
41,"April 25, 2015",Tenzing (Tengien) Bhote,Nepal,Base Camp avalanche following the April 2015 Nepal earthquake,5,2015,4
42,"April 25, 2015",Krishna Kumar Rai,Nepal,Base Camp avalanche following the April 2015 Nepal earthquake,5,2015,4
43,"April 25, 2015",Pasang Temba Sherpa,Nepal,Base Camp avalanche following the April 2015 Nepal earthquake,5,2015,4
44,"April 25, 2015",Pema Yishi (Hissi) Sherpa,Nepal,Base Camp avalanche following the April 2015 Nepal earthquake,5,2015,4
45,"April 25, 2015",Chhimi Dawa Sherpa,Nepal,Base Camp avalanche following the April 2015 Nepal earthquake,5,2015,4
46,"April 25, 2015",Maila (Milan) Rai,Nepal,Base Camp avalanche following the April 2015 Nepal earthquake,5,2015,4
47,"April 25, 2015",Dawa Tsering Sherpa,Nepal,Base Camp avalanche following the April 2015 Nepal earthquake,5,2015,4
48,"April 25, 2015",Pemba Sherpa,Nepal,Base Camp avalanche following the April 2015 Nepal earthquake,5,2015,4
49,"April 25, 2015",Thomas Ely Taplin,United States,Base Camp avalanche following the April 2015 Nepal earthquake,5,2015,4
50,"April 25, 2015",Marisa Eve Girawong,United States,Base Camp avalanche following the April 2015 Nepal earthquake,5,2015,4
51,"April 25, 2015",Daniel Paul Fredinburg,United States,Base Camp avalanche following the April 2015 Nepal earthquake,5,2015,4
52,"April 18, 2014",Aash Bahadur Gurung,Nepal,2014 Mount Everest Avalanche,5,2014,4
53,"April 18, 2014",PemTenji Sherpa,Nepal,2014 Mount Everest Avalanche,5,2014,4
54,"April 18, 2014",Ankaji Sherpa,Nepal,2014 Mount Everest Avalanche,5,2014,4
55,"April 18, 2014",Pasang Karma Sherpa,Nepal,2014 Mount Everest Avalanche,5,2014,4
56,"April 18, 2014",Phur Temba Sherpa,Nepal,2014 Mount Everest Avalanche,5,2014,4
57,"April 18, 2014",Then Dorjee Sherpa,Nepal,2014 Mount Everest Avalanche,5,2014,4
58,"April 18, 2014",Dorjee Khatri,Nepal,2014 Mount Everest Avalanche,5,2014,4
59,"April 18, 2014",Chhiring Ongchu Sherpa,Nepal,2014 Mount Everest Avalanche,5,2014,4
60,"April 18, 2014",Lapka Tenjing Sherpa,Nepal,2014 Mount Everest Avalanche,5,2014,4
61,"April 18, 2014",Phurba Ongyal Sherpa,Nepal,2014 Mount Everest Avalanche,5,2014,4
62,"April 18, 2014",Tenzing Chottar Sherpa,Nepal,2014 Mount Everest Avalanche,5,2014,4
63,"April 18, 2014",Nima Sherpa,Nepal,2014 Mount Everest Avalanche,5,2014,4
64,"April 18, 2014",Ang Tshiri Sherpa,Nepal,2014 Mount Everest Avalanche,5,2014,4
65,"April 18, 2014",Dorji Sherpa,Nepal,2014 Mount Everest Avalanche,5,2014,4
66,"April 18, 2014",Mingma Nuru Sherpa,Nepal,2014 Mount Everest Avalanche,5,2014,4
67,"April 2, 2014",Mingma Tenzing Sherpa,Nepal,HAPE,5,2014,4
68,"May 22, 2013",Unknown climber,Nepal,Suspected altitude sickness,5,2013,5
69,"May 21, 2013",Sajal Khaled(Mohammed Khaled Hossain),Bangladesh,Suspected altitude sickness,5,2013,5
70,"May 21, 2013",Seo Sung-ho,South Korea,Suspected altitude sickness,5,2013,5
71,"May 17, 2013",Namgyal Sherpa,Nepal,Unknown,5,2013,5
72,"May 15, 2013",Alexey Bolotov,Russia,Fall,5,2013,5
73,"May 7, 2013",Lobsang Sherpa,Nepal,Fall,5,2013,5
74,"May 5, 2013",Sergey Ponomarev,Russia,Suspected cardiac arrest,5,2013,5
75,"May 5, 2013",DaRita Sherpa,Nepal,Suspected cardiac arrest,5,2013,5
76,"April 7, 2013",Mingma Sherpa,Nepal,Falling into a crevasse,5,2013,4
77,"May 20, 2012",Ralf D. Arnold,Germany,Exhaustion and related complications after breaking leg at Second Step,5,2012,5
78,"May 20, 2012",Juan José Polo Carbayo,Spain,Exhaustion,5,2012,5
79,"May 20, 2012",Ha Wenyi,China,Suspected altitude sickness,5,2012,5
80,"May 19, 2012",Song Won-bin,South Korea,Fall,5,2012,5
81,"May 19, 2012",Eberhard Schaaf,Germany,Cerebral oedema,5,2012,5
82,"May 19, 2012",Shriya Shah-Klorfine,Canada,Exhaustion,5,2012,5
83,"April 21, 2012",Namgyal Tshering Sherpa,Nepal,Fall into a crevasse,5,2012,4
84,"April 20, 2012",Ramesh Gulve,India,Stroke,5,2012,4
85,"April 19, 2012",Karsang Namgyal Sherpa,Nepal,Altitude sickness,5,2012,4
86,"April 5, 2012",Dawa Tenzing,Nepal,Stroke (CVA),5,2012,4
87,"September 15, 2011",Hiroaki Kino,Japan,Cerebral apoplexy,5,2011,9
88,"May 21, 2011",John Delaney,Ireland,Altitude sickness,5,2011,5
89,"May 12, 2011",Takashi Ozaki,Japan,Altitude sickness,5,2011,5
90,"May 9, 2011",Shailendra Kumar Upadhyaya,Nepal,Altitude sickness,5,2011,5
91,"May 1, 2011",Rick Hitch,United States,Heart attack,5,2011,5
92,"May 26, 2010",Peter Kinloch,United Kingdom,Exhaustion,5,2010,5
93,"May 19, 2010",Tom Jørgensen,Denmark,HACE,5,2010,5
94,"April 26, 2010",László Várkonyi,Hungary,Avalanche crevasse fall,5,2010,4
95,"May 21, 2009",Frank Ziebarth,Canada,Hypothermia and lack of oxygen,5,2009,5
96,"May 19, 2009",Wenhong Wu,China,Altitude sickness,5,2009,5
97,"May 18, 2009",Věslav Chrzaszcz,Czech,Heart attack,5,2009,5
98,"May 7, 2009",Lhakpa Nuru,Nepal,Avalanche,5,2009,5
99,"May 21, 2008",Uwe Gianni Goltz,Switzerland,Exhaustion,5,2008,5
100,"May 17, 2007",Lee Hyun-jo,South Korea,Unknown,5,2007,5
101,"May 17, 2007",Oh Hee-joon,South Korea,Unknown,5,2007,5
102,"May 17, 2007",Maurizio Pierangelo,Italy,Unknown,5,2007,5
103,"May 16, 2007",Yoshitomi Okura,Japan,Unknown,5,2007,5
104,"May 17, 2007",Libor Kozak,Czech,Unknown,5,2007,5
105,"May 17, 2007",Shinichi Ishii,Japan,Unknown,5,2007,5
106,"April 26, 2007",Dawa Sherpa,Nepal,Unknown,5,2007,4
107,"May 25, 2006",Thomas Weber,Germany,Altitude sickness,5,2006,5
108,"May 22, 2006",Igor Plyushkin,Russia,Altitude sickness,5,2006,5
109,"May 19, 2006",Vitor Negrete,Brazil,Exposure and/or exhaustion,5,2006,5
110,"May 16, 2006",Tomas Olsson,Sweden,Fall,5,2006,5
111,"May 15, 2006",David Sharp,United Kingdom,Exposure and/or exhaustion,5,2006,5
112,"May 14, 2006",Srikrishna,India,Fall,5,2006,5
113,"May 6, 2006",Jacques-Hugues Letrange,France,Exhaustion,5,2006,5
114,"April 21, 2006",Dawa Temba,Nepal,Avalanche,5,2006,4
115,"April 21, 2006",Lhakpa Tseri,Nepal,Avalanche,5,2006,4
116,"April 21, 2006",Ang Phinjo Sherpa,Nepal,Avalanche,5,2006,4
117,"April 7, 2006",Tuk Bahadur Thapa Magar Sherpa,Nepal,Altitude,5,2006,4
118,"June 5, 2005",Robert William Milne,United Kingdom,Organ failure due to freezing conditions,5,2005,6
119,"June 4, 2005",Dieter Kramer,Germany,Exposure,5,2005,6
120,"May 30, 2005",Sirigereshiva Shankarappa Chaitanya,India,Exposure,5,2005,5
121,"May 21, 2005",Marko Lihteneker,Slovenia,Oxygen problems,5,2005,5
122,"May 2, 2005",Michael Corey O'Brien[117],United States,Fall into a crevasse,5,2005,5
123,"April 28, 2005",Sean Egan,Canada,Heart attack,5,2005,4
124,"May 23, 2004",Mariana Prodanova Maslarova,Bulgaria,Exposure,5,2004,5
125,"May 20, 2004",Shoko Ota,Japan,Exposure,5,2004,5
126,"May 20, 2004",Hristo Ganchev Hristov,Bulgaria,Exposure,5,2004,5
127,"May 18, 2004",Nils Antezana,United States Bolivia,Exposure,5,2004,5
128,"May 18, 2004",Mu-taek Park,South Korea,Exposure,5,2004,5
129,"May 18, 2004",Min Jang,South Korea,Exposure,5,2004,5
130,"May 18, 2004",Joon-ho Baek,South Korea,Exposure,5,2004,5
131,"May 24, 2003",Karma Gyalzen Sherpa,Nepal,Altitude sickness,5,2003,5
132,"May 8, 2003",Arnaud Saulnier,France,Sickness in tent,5,2003,5
133,"May 25, 2003",Jan Krzysztof Liszewski,Poland,Fall,5,2003,5
134,"May 27, 2003",Bhim Bahadur Gurung,Nepal,Fall into a crevasse,5,2003,5
135,"September 8, 2002",Marco Siffredi,France,Snowboarding accident,5,2002,9
136,"May 19, 2002",Zoran Miletić,FR Yugoslavia,Exact cause and date of death unknown,5,2002,5
137,"April 30, 2002",Peter Legate,United Kingdom,Fall into a crevasse,5,2002,4
138,"October 17, 2001",Sándor Gárdos,Hungary,Fall,5,2001,10
139,"May 24, 2001",Aleksei Nikiforov,Russia,"Pre-existing illness exacerbated by freezing conditions, altitude",5,2001,5
140,"May 24, 2001",Mark Auricht,Australia,Cerebral oedema,5,2001,5
141,"May 23, 2001",Peter Ganner,Austria,Fall,5,2001,5
142,"April 29, 2001",Babu Chiri Sherpa,Nepal,Fall,5,2001,4
143,"May 21, 2000",Yan Genghua,China,"Disappeared after reaching the north summit; body found on May 27, 2000; likely accidental death during descent",5,2000,5
144,"May 20, 2000",Jeppe Stoltz,Denmark,Fall,5,2000,5
145,"May 18, 1999",Pascal Debrouwer,Belgium,Fall,5,1999,5
146,"May 18, 1999",Tadeusz Kudelski,Poland,Fall,5,1999,5
147,"May 13, 1999",Michael Matthews,United Kingdom,Unknown,5,1999,5
148,"May 8, 1999",Vasyl Kopytko,Ukraine,Unknown cause,5,1999,5
149,"July 24, 1998",Shahid Abdul Khader,India,Died due to fall,5,1998,7
150,"May 26, 1998",Roger Buick,New Zealand,Exhaustion,5,1998,5
151,"May 25, 1998",Mark Jennings,United Kingdom,Exhaustion,5,1998,5
152,"May 24, 1998",Francys Arsentiev,United States,Exposure and/or cerebral oedema,5,1998,5
153,"May 24, 1998",Sergei Arsentiev,United States,100m fall,5,1998,5
154,"September 8, 1997",Choi Byong-soo,South Korea,Avalanche,5,1997,9
155,"September 8, 1997",Tenzing Nuru,Nepal,Disappearance (likely accidental death during climb),5,1997,9
156,"May 8, 1997",Peter Kowalzik,Germany,Disappearance (likely accidental death during climb),5,1997,5
157,"May 7, 1997",Mingma,Nepal,Fall,5,1997,5
158,"May 7, 1997",Nikolai Shevtchenko,Russia,Exhaustion and/or exposure,5,1997,5
159,"May 7, 1997",Ivan Plotnikov,Russia,Exhaustion and/or exposure,5,1997,5
160,"May 7, 1997",Aleksandr Torochin,Russia,Fall,5,1997,5
161,"May 6, 1997",Nima Rinzi,United Kingdom,Fall,5,1997,5
162,"April 23, 1997",Malcolm Duff,United Kingdom,Heart attack (at Base camp),5,1997,4
163,"September 25, 1996",Dawa,Nepal,Avalanche,5,1996,9
164,"September 25, 1996",Lopsang Jangbu,Nepal,Avalanche,5,1996,9
165,"September 25, 1996",Yves Bouchon,France,Avalanche,5,1996,9
166,"June 6, 1996",Ngawang Topche,Nepal,Lapsed into coma on 23 Apr 1996; later died in hospital,5,1996,6
167,"May 25, 1996",Bruce Herrod,United Kingdom,Rope accident,5,1996,5
168,"May 19, 1996",Reinhard Wlasich,Austria,Altitude sickness,5,1996,5
169,"May 11, 1996",Tsewang Samanla,India,Exposure,5,1996,5
170,"May 11, 1996",Tsewang Paljor,India,Exposure,5,1996,5
171,"May 11, 1996",Dorje Morup,India,Exposure,5,1996,5
172,"May 11, 1996",Yasuko Namba,Japan,Exposure,5,1996,5
173,"May 11, 1996",Andrew Harris,New Zealand,Disappearance (likely accidental death during climb),5,1996,5
174,"May 11, 1996",Doug Hansen,United States,Exposure,5,1996,5
175,"May 11, 1996",Rob Hall,New Zealand,Exposure,5,1996,5
176,"May 11, 1996",Scott Fischer,United States,"Suspected HACE (high-altitude cerebral edema), exhaustion, frostbite and exposure.",5,1996,5
177,"May 9, 1996",Chen Yu-Nan,Taiwan,Injuries from a fall,5,1996,5
178,"October 14, 1995",Zangbu,Nepal,Fall,5,1995,10
179,"September 10, 1995",Lhakpa Nuru,Nepal,Unknown,5,1995,9
180,"May 6, 1995",Kami Rita,Nepal,Fall,5,1995,5
181,"September 12, 1994",Mingma Norbu,Nepal,Avalanche,5,1994,9
182,"May 27, 1994",Mike Rheinberger,Australia,"150m fall. He showed signs of exhaustion, dehydration, cerebral oedema, retinal hemorrhages and possible blood clots in his upper legs.",5,1994,5
183,"May 18, 1994",Giuseppe Vigani,Italy,Fall,5,1994,5
184,"May 9, 1994",Shih Fang-Fang 'Norman',Taiwan,Exhaustion and/or exposure,5,1994,5
185,"April 6, 1994",Prem Thapa,Nepal,Cerebral oedema,5,1994,4
186,"October 7, 1993",Antonio Miranda,Spain,Fall,5,1993,10
187,"October 5, 1993",Karl Henize,United States,HAPE,5,1993,10
188,"May 17, 1993",A Jin-seob,South Korea,Fall,5,1993,5
189,"May 16, 1993",Nam Won-woo,South Korea,Fall,5,1993,5
190,"May 10, 1993",Lobsang Tshering Bhutia,Nepal,Fall,5,1993,5
191,"April 23, 1993",Sonam Tshering,Nepal,Disappearance (likely accidental death during climb),5,1993,4
192,"April 23, 1993",Pasang Lhamu Sherpa,Nepal,Disappearance (likely accidental death during climb),5,1993,4
193,"January 15, 1993",Ang Tshering,Nepal,Fall,5,1993,1
194,"May 23, 1992",Manabu Hoshi,Japan,Disappearance (likely accidental death during climb),5,1992,5
195,"May 23, 1992",Sher Singh,India,Fall,5,1992,5
196,"May 11, 1992",Subba Singh,Nepal,Heart attack,5,1992,5
197,"May 2, 1992",Raymond Jacob,India,Exposure,5,1992,5
198,"May 2, 1992",Deepak Kulkarni,India,Exposure,5,1992,5
199,"May 27, 1991",Junichi Futagami,Japan,Fall,5,1991,5
200,"May 3, 1991",Rüdiger Lang,Germany,Exposure,5,1991,5
201,"October 7, 1990",Ham Sang-hun,South Korea,Disappearance (likely accidental death during climb),5,1990,10
202,"September 14, 1990",Badri Nath,Nepal,Avalanche,5,1990,9
203,"September 14, 1990",Ang Sona,Nepal,Avalanche,5,1990,9
204,"September 14, 1990",Rafael Gómez-Menor,Spain,Avalanche,5,1990,9
205,"December 12, 1989",Ang Pinjo,Nepal,"Altitude sickness, heart attack",5,1989,12
206,"May 28, 1989",Eugeniusz Chrobak,Poland,Avalanche injuries,5,1989,5
207,"May 27, 1989",Wacław Otręba,Poland,Avalanche,5,1989,5
208,"May 27, 1989",Andrzej Heinrich,Poland,Avalanche,5,1989,5
209,"May 27, 1989",Mirosław Gardzielewski,Poland,Avalanche,5,1989,5
210,"May 27, 1989",Mirosław Dąsal,Poland,Avalanche,5,1989,5
211,"May 16, 1989",Phu Dorje,Nepal,Fall,5,1989,5
212,"May 10, 1989",Dimitar Ilievski-Murato,Yugoslavia,Fall,5,1989,5
213,"December 23, 1988",Ang Lhakpa,Nepal,Cerebral thrombosis,5,1988,12
214,"October 17, 1988",Jozef Just,Czechoslovakia,Disappearance (likely accidental death during descent after reaching South Summit with Jozef Just rejoining group after he summited Everest solo)[74][75],5,1988,10
215,"October 17, 1988",Jaroslav Jaško,Czechoslovakia,Disappearance (likely accidental death during descent after reaching South Summit with Jozef Just rejoining group after he summited Everest solo)[74][75],5,1988,10
216,"October 17, 1988",Peter Božík,Czechoslovakia,Disappearance (likely accidental death during descent after reaching South Summit with Jozef Just rejoining group after he summited Everest solo)[74][75],5,1988,10
217,"October 17, 1988",Dušan Becík,Czechoslovakia,Disappearance (likely accidental death during descent after reaching South Summit with Jozef Just rejoining group after he summited Everest solo)[74][75],5,1988,10
218,"October 13, 1988",Pasang Temba,Nepal,Fall,5,1988,10
219,"October 13, 1988",Lhakpa Sonam,Nepal,Fall,5,1988,10
220,"September 21, 1988",Narayan Shrestha,Nepal,Avalanche,5,1988,9
221,"September 20, 1988",Michel Parmentier,France,Exposure,5,1988,9
222,"April 21, 1988",Hidetaka Mizukoshi,Japan,Heart attack (at Base camp),5,1988,4
223,"October 20, 1987",Mangal Singh,Nepal,Avalanche,5,1987,10
224,"September 2, 1987",Masao Yokoyama,Japan,Drowned,5,1987,9
225,"May 21, 1987",Roger Marshall,Canada,Disappearance (likely accidental death during descent),5,1987,5
226,"January 30, 1987",Tsuttin Dorje,Nepal,Fall,5,1987,1
227,"October 17, 1986",Dawa Norbu,Nepal,Avalanche,5,1986,10
228,"October 4, 1986",Gyalu,Nepal,Crushed under serac,5,1986,10
229,"September 28, 1986",Simon Burkhardt,Switzerland,Avalanche,5,1986,9
230,"August 16, 1986",Víctor Hugo Trujillo,Chile,Avalanche,5,1986,8
231,"October 11, 1985",M.U. Bhaskar Rao,India,Exposure,5,1985,10
232,"October 11, 1985",Vijay Pal Singh Negi,India,Exposure,5,1985,10
233,"October 11, 1985",Ranjeet Singh Bakshi,India,Exposure,5,1985,10
234,"October 11, 1985",Jai Bahugana,India,Exposure,5,1985,10
235,"October 7, 1985",Kiran Inder Kumar,India,Fall,5,1985,10
236,"September 19, 1985",Shinichi Ishii,Japan,Avalanche,5,1985,9
237,"May 12, 1985",Juanjo Navarro,Spain,Fall,5,1985,5
238,"October 24, 1984",Yogendra Bahadur Thapa,Nepal,Fall,5,1984,10
239,"October 24, 1984",Ang Dorje,Nepal,Fall,5,1984,10
240,"October 16, 1984",Jozef Psotka,Czechoslovakia,Fall,5,1984,10
241,"October 9, 1984",Craig Nottle,Australia,Fall,5,1984,10
242,"October 9, 1984",William (Fred) From,Australia,"Fall, while searching for Craig Nottle",5,1984,10
243,"April 21, 1984",Hristo Ivanov Prodanov,Bulgaria,Disappearance (likely accidental death during descent),5,1984,4
244,"April 3, 1984",Tony Swierzy,United Kingdom,Avalanche,5,1984,4
245,"March 26, 1984",Ang Rinji,Nepal,Avalanche,5,1984,3
246,"October 9, 1983",Hiroshi Yoshino,Japan,Fall,5,1983,10
247,"October 8, 1983",Pasang Temba,Nepal,Fall,5,1983,10
248,"October 8, 1983",Hironobu Kamuro,Japan,Fall,5,1983,10
249,"December 28, 1982",Toshiaki Kobayashi,Japan,Disappearance (likely accidental death during climb),5,1982,12
250,"December 28, 1982",Yasuo Kato,Japan,Disappearance (likely accidental death during climb),5,1982,12
251,"October 14, 1982",Nima Dorje,Nepal,Fall,5,1982,10
252,"September 27, 1982",Lhakpa Tshering,Nepal,Internal hemorrhage,5,1982,9
253,"September 2, 1982",Blair Griffiths,Canada,Crushed under serac,5,1982,9
254,"August 31, 1982",Pasang Sona,Nepal,Avalanche,5,1982,8
255,"August 31, 1982",Dawa Dorje,Nepal,Avalanche,5,1982,8
256,"August 31, 1982",Ang Chuldim,Nepal,Avalanche,5,1982,8
257,"May 17, 1982",Joe Tasker,United Kingdom,Disappearance (likely accidental death during climb),5,1982,5
258,"May 17, 1982",Peter Boardman,United Kingdom,Disappearance (likely accidental death during climb),5,1982,5
259,"May 15, 1982",Marty Hoey,United States,Fall,5,1982,5
260,"January 12, 1981",Noboru Takenaka,Japan,Fall,5,1981,1
261,"September 22, 1980",Mario Piana,Italy,Crushed under serac,5,1980,9
262,"September 6, 1980",Nawang Kersang,Nepal,Fall,5,1980,9
263,"May 2, 1980",Akira Ube,Japan,Avalanche,5,1980,5
264,"October 12, 1979",Nima Thaxi [note 6],China,Avalanche,5,1979,10
265,"October 12, 1979",Lou Lan [note 5],China,Avalanche,5,1979,10
266,"October 12, 1979",Wang Hong-bao,China,Avalanche,5,1979,10
267,"October 2, 1979",Hannelore Schmatz,West Germany,"Exposure, exhaustion",5,1979,10
268,"October 2, 1979",Ray Genet,United States,"Exposure, exhaustion",5,1979,10
269,"May 16, 1979",Ang Phu,Nepal,Fall,5,1979,5
270,"April 18, 1978",Shi Ming-ji,China,Fall into a crevasse,5,1978,4
271,"April 18, 1978",Dawa Nuru,Nepal,Fall into a crevasse,5,1978,4
272,"April 10, 1976",Terry Thompson,United Kingdom,Fall into a crevasse,5,1976,4
273,"September 26, 1975",Mick Burke,United Kingdom,Disappearance (likely accidental death during climb),5,1975,9
274,August 1975,Unknown ; deaf-mute Sherpa porter,Nepal,Drowned,5,1975,8
275,"May 4, 1975",Wu Zhuong Yue [note 4],China,"Exhaustion, fall",5,1975,5
276,"September 9, 1974",Sanu Wongal,Nepal,Avalanche,5,1974,9
277,"September 9, 1974",Nima Wangchu,Nepal,Avalanche,5,1974,9
278,"September 9, 1974",Nawang Lutuk,Nepal,Avalanche,5,1974,9
279,"September 9, 1974",Lhakpa,Nepal,Avalanche,5,1974,9
280,"September 9, 1974",Pemba Dorje,Nepal,Avalanche,5,1974,9
281,"September 9, 1974",Gérard Devouassoux,France,Avalanche,5,1974,9
282,"October 12, 1973",Jangbu,Nepal,Avalanche,5,1973,10
283,"November 16, 1972",Tony Tighe,Australia,Crushed under serac,5,1972,11
284,"April 18, 1971",Harsh Vardhan,India,Succumbed after falling and being suspended above a crevasse during a blizzard,5,1971,4
285,"April 21, 1970",Kiyoshi Narita,Japan,Heart attack,5,1970,4
286,"April 9, 1970",Kyak Tsering,Nepal,"""by fall of seracs""",5,1970,4
287,"April 5, 1970",Kami Tshering,Nepal,Avalanche,5,1970,4
288,"April 5, 1970",Pasang,Nepal,Avalanche,5,1970,4
289,"April 5, 1970",Mima Norbu,Nepal,Avalanche,5,1970,4
290,"April 5, 1970",Kunga Norbu,Nepal,Avalanche,5,1970,4
291,"April 5, 1970",Nima Dorje,Nepal,Avalanche,5,1970,4
292,"October 18, 1969",Phu Dorjee Sherpa,Nepal,Fall into a crevasse,5,1969,10
293,"May 1, 1966",Ma Gao-shu,China,Fall,5,1966,5
294,"March 23, 1963",Jake Breitenbach,United States,Crushed under serac,5,1963,3
295,"April 28, 1962",Nawang Tshering,Nepal,Unknown,5,1962,4
296,"April 29, 1960",Shao Shi-Ching [note 3],China,Unknown,5,1960,4
297,"April 11, 1960",Wang Ji,China,Mountain sickness,5,1960,4
298,"October 31, 1952",Dorje Mingma,Nepal,Falling ice,5,1952,10
299,"May 31, 1934",Maurice Wilson,United Kingdom,"Possible exhaustion, exposure or starvation. Body found 1935",5,"<re.Match object; span=(8, 12), match='1934'>",5
300,"June 9, 1924",George Mallory,United Kingdom,Possible ice axe injury following a fall. Body found in 1999,5,1924,6
301,"June 9, 1924",Andrew Irvine,United Kingdom,Unknown. Body never found,5,1924,6
302,"May 17, 1924",Lance-Naik Shamsherpun,Nepal,Brain hemorrhage,5,1924,5
303,"May 13, 1924",Man Bahadur,Nepal,Pneumonia,5,1924,5
304,"June 7, 1922",Temba,Nepal,Avalanche,5,1922,6
305,"June 7, 1922",Sange,Nepal,Avalanche,5,1922,6
306,"June 7, 1922",Pema,Nepal,Avalanche,5,1922,6
307,"June 7, 1922",Pasang,Nepal,Avalanche,5,1922,6
308,"June 7, 1922",Norbu,Nepal,Avalanche,5,1922,6
309,"June 7, 1922",Lhakpa,Nepal,Avalanche,5,1922,6
310,"June 7, 1922",Dorge,Nepal,Avalanche,5,1922,6
0,9 August 2013,Zdenek Hruby,Czech Republic,Fall,6,2013,8
1,22 July 2013,Xevi Gómez,Spain,Disappeared,6,2013,7
2,22 July 2013,Álvaro Paredes,Spain,Disappeared,6,2013,7
3,22 July 2013,Abel Alonso,Spain,Disappeared,6,2013,7
4,7 July 2013,Artur Hajzer,Poland,Fall,6,2013,7
5,9 March 2012,Gerfried Göschl,Austria,Disappeared,6,2012,3
6,9 March 2012,Cedric Hählen,Switzerland,Disappeared,6,2012,3
7,9 March 2012,Nissar Hussain,Pakistan,Disappeared,6,2012,3
8,18 June 2008,Jean-Noel Urban,France,Fall into crevasse,6,2008,6
9,29 July 2007,Jiri Danek,Czech Republic,Fall,6,2007,7
10,5 August 2005,Dawa Nurbu II,Nepal,Fall,6,2005,8
11,25 July 2004,Jose Antonio Anton,Spain,Fall,6,2004,7
12,7 September 2003,Mohammad Oraz,Iran,"Avalanche caused injuries, died in hospital",6,2003,9
13,15 July 2003,Vladimir Pestrikov,Ukraine,Stone fall,6,2003,7
14,5 July 2003,Jose Manuel Buenaga,Spain,Disappeared,6,2003,7
15,5 July 2003,Nancy Silvestrini [es],Argentina,Disappeared,6,2003,7
16,9 July 2001,Claudio Gálvez Santibañez,Chile,"Fall, after successfully summiting",6,2001,7
17,1 August 1998,Yoshiumi Hayoshida,Japan,Avalanche,6,1998,8
18,1 August 1998,Kasunori Kutama,Japan,Avalanche,6,1998,8
19,1 August 1998,Kasutoshi Naito,Japan,Avalanche,6,1998,8
20,1 August 1998,Takashi Watanabe,Japan,Avalanche,6,1998,8
21,17 July 1996,Manuel Alvarez,Spain,Fall (between Camp III and Camp II),6,1996,7
22,30 May 1993,Paolo Bernascone,Italy,Slab avalanche (below Camp I),6,1993,5
23,19 August 1990,Josep Granyo,Spain,Disappeared,6,1990,8
24,19 August 1990,Albert Ibanez,Spain,Disappeared,6,1990,8
25,12 July 1989,Dorje Tsindi,Nepal,Fall,6,1989,7
26,25 June 1988,Jorge Luis Brito,Mexico,Pulmonary edema,6,1988,6
27,29 July 1987,Mohsin Ali,Pakistan,Avalanche,6,1987,7
28,29 July 1987,Fakhar-ul-Islam,Pakistan,Avalanche,6,1987,7
29,29 July 1987,Fayyaz Hussain,Pakistan,Avalanche,6,1987,7
30,29 July 1987,Khalid Khan,Pakistan,Avalanche,6,1987,7
31,18 August 1986,Andreas Bührer,Switzerland,Fall,6,1986,8
32,31 May 1986,Muhammad Ali Ghulam,Pakistan,Pneumonia,6,1986,5
33,9 June 1977,Drago Bregar,Yugoslavia,Disappeared,6,1977,6
0,25 July 2015,Aleksander Ostrowski,Poland,Avalanche,7,2015,7
1,22 July 2011,Leila Esfandyari,Iran,Fall While Return,7,2011,7
2,21 July 2009,Luis María Barbero,Spain,Disappeared,7,2009,7
3,18 July 2007,Ernst-Robert Zauner,Germany,Avalanche,7,2007,7
4,18 July 2007,Arne Heckele,Germany,Avalanche,7,2007,7
5,3 July 2007,Ulrike Gschwandtner [de],Austria,Possibly Heart Failure,7,2007,7
6,20 July 2001,Jean-François Bassine,Belgium,Fall,7,2001,7
7,28 July 2000,Felix Iñurrategui,Spain,Fall,7,2000,7
8,13 July 1989,Antton Ibarguren,Spain,Fall,7,1989,7
9,9 July 1988,Gary Silver,United States,Illness,7,1988,7
10,6 July 1988,Michel Basson,France,Pulmonary Edema,7,1988,7
11,25 June 1988,Henri Albet,France,Fall on snowboard,7,1988,6
12,29 June 1987,Jean-Pierre Hefti,Switzerland,Fall,7,1987,6
13,12 July 1986,Carlos Rabago,Spain,Illness,7,1986,7
14,11 July 1985,Pierre Bouygues,France,Illness,7,1985,7
15,24 June 1985,Toru Nakano,Japan,Fall,7,1985,6
16,July 1982,Norbert Wolf,Austria,Cold,7,1982,7
17,July 1982,Gerhard Gruner,West Germany,Disappeared,7,1982,7
18,2 July 1982,Glenn Brindeiro,United States,Avalanche,7,1982,7
19,1 June 1976,Osamu Matsuura,Japan,Exhaustion,7,1976,6
20,27 May 1976,Yoshinori Hiramatsu,Japan,Fall,7,1976,5
21,27 May 1976,Taketoshi Miyamoto,Japan,Fall,7,1976,5
22,June 1975,Bernard Villaret,France,"Cold, exhaustion",7,1975,6
0,25 July 2021,Rick Allen,United Kingdom,Avalanche,8,2021,7
1,5 February 2021,Ali Sadpara,Pakistan,"Frozen to death due to storm, remains found July 2021",8,2021,2
2,5 February 2021,Juan Pablo Mohr Prieto,Chile,"Frozen to death due to storm, remains found July 2021",8,2021,2
3,5 February 2021,John Snorri Sigurjónsson,Iceland,"Frozen to death due to storm, remains found July 2021",8,2021,2
4,5 February 2021,Atanas Skatov,Bulgaria,Fall during descent from base 3,8,2021,2
5,16 January 2021,Sergi Mingote,Spain,Fall during descent from base 1,8,2021,1
6,22 July 2018,Kojiro Watanabe,Japan,Fall during descent,8,2018,7
7,7 July 2018,Serge Dessureault,Canada,Fall,8,2018,7
8,30 July 2014,Miguel Ángel Pérez,Spain,Probably altitude sickness,8,2014,7
9,26/27 July 2013,Marty Schmidt,New Zealand / USA,Avalanche,8,2013,7
10,26/27 July 2013,Denali Schmidt(son of Marty Schmidt),New Zealand / USA,Avalanche,8,2013,7
11,6 February 2012,Vitaliy Gorelik,Russia,"Frostbite, Cardiac Insufficiency",8,2012,2
12,6 August 2010,Fredrik Ericsson,Sweden,Fall from bottle neck,8,2010,8
13,17 July 2010,Petar Georgiev Unzhiev,Bulgaria,Altitude sickness,8,2010,7
14,23 June 2009,Michele Fait,Italy,Fall with skis,8,2009,6
15,2 August 2008,Hwang Dong-jin,South Korea,Fourth serac fall,8,2008,8
16,2 August 2008,Park Kyeong-hyo,South Korea,Fourth serac fall,8,2008,8
17,2 August 2008,Kim Hyo-gyung,South Korea,Fourth serac fall,8,2008,8
18,2 August 2008,Meherban Karim,Pakistan,"Unknown, Second or third serac fall",8,2008,8
19,2 August 2008,Hugues d'Aubarede,France,Fall during descent,8,2008,8
20,2 August 2008,Gerard McDonnell,Ireland,Second or third serac fall,8,2008,8
21,2 August 2008,Pasang Bhote,Nepal,Fourth serac fall,8,2008,8
22,2 August 2008,Jumic Bhote,Nepal,Fourth serac fall,8,2008,8
23,2 August 2008,Rolf Bae,Norway,First serac fall,8,2008,8
24,2 August 2008,Jahan Baig,Pakistan,Fall,8,2008,8
25,2 August 2008,Dren Mandić,Serbia,Fall,8,2008,8
26,20 July 2007,Stefano Zavka,Italy,Lost,8,2007,7
27,20 July 2007,Nima Nurbu,Nepal,Fall from bottle neck,8,2007,7
28,13 August 2006,Arkadi Kuvakin,Russia,Avalanche,8,2006,8
29,13 August 2006,Aleksandr Foigt,Russia,Avalanche,8,2006,8
30,13 August 2006,Piotr Kuznetsov,Russia,Avalanche,8,2006,8
31,13 August 2006,Yuri Uteshev,Russia,Avalanche,8,2006,8
32,19 August 2004,Manel de la Mata,Spain,Pulmonary edema,8,2004,8
33,2 August 2004,Dauoud Khadem Asl,Iran,Lost in storm,8,2004,8
34,2 August 2004,Sergei Sokolov,Russia,Lost in storm,8,2004,8
35,28 July 2004,Aleksandr Gubaev,Kyrgyzstan,Fall,8,2004,7
36,8 June 2004,Pae Kyong-kyu,South Korea,Avalanche,8,2004,6
37,8 June 2004,Kim Jae-koung,South Korea,Avalanche,8,2004,6
38,8 June 2004,Lee Hwa-hyeung,South Korea,Avalanche,8,2004,6
39,21 July 2003,Klaus-Dieter Grohs,Germany,Fall,8,2003,7
40,22 July 2002,Muhammad Iqbal,Pakistan,Fall,8,2002,7
41,13 July 2002,Sher Ajman,Pakistan,Avalanche,8,2002,7
42,"2001, 22 July",Park Young-do,South Korea,Fall,8,"<re.Match object; span=(0, 4), match='2001'>",7
43,"1999, 10 July",Mihai Cioroianu,Romania,Hit by rockfall,8,"<re.Match object; span=(0, 4), match='1999'>",7
44,"1996, 14 August",Igor Benkin,Russia,Exhaustion,8,"<re.Match object; span=(0, 4), match='1996'>",8
45,"1996, 29 July",Lorenzo Mazzoleni,Italy,Fall,8,"<re.Match object; span=(0, 4), match='1996'>",7
46,"1995, 15 August",Jeff Lakes,Canada,Exhaustion,8,"<re.Match object; span=(0, 4), match='1995'>",8
47,"1995, 13 August",Bruce Grant,New Zealand,Killed in a storm,8,"<re.Match object; span=(0, 4), match='1995'>",8
48,"1995, 13 August",Rob Slater,USA,Killed in a storm,8,"<re.Match object; span=(0, 4), match='1995'>",8
49,"1995, 13 August",Alison Hargreaves,United Kingdom,Killed in a storm,8,"<re.Match object; span=(0, 4), match='1995'>",8
50,"1995, 13 August",Javier Escartin,Spain,Killed in a storm,8,"<re.Match object; span=(0, 4), match='1995'>",8
51,"1995, 13 August",Javier Olivar,Spain,Killed in a storm,8,"<re.Match object; span=(0, 4), match='1995'>",8
52,"1995, 13 August",Lorenzo Ortiz,Spain,Killed in a storm,8,"<re.Match object; span=(0, 4), match='1995'>",8
53,"1995, 6 July",Jordi Anglès,Spain,Fall,8,"<re.Match object; span=(0, 4), match='1995'>",7
54,"1994, 11 August","Juan Antonio ""Atxo"" Apellániz",Spain,HACE,8,"<re.Match object; span=(0, 4), match='1994'>",8
55,"1994, 24 July",Steve Untch,USA,"Fall, broken rope",8,"<re.Match object; span=(0, 4), match='1994'>",7
56,"1994, 10 July",Dmitri Ibragim-Zade,Ukraine,Killed in a storm,8,"<re.Match object; span=(0, 4), match='1994'>",7
57,"1994, 10 July",Aleksandr Parkhomenko,Ukraine,Killed in a storm,8,"<re.Match object; span=(0, 4), match='1994'>",7
58,"1994, 10 July",Aleksei Kharaldin,Ukraine,Killed in a storm,8,"<re.Match object; span=(0, 4), match='1994'>",7
59,"1993, 31 July",Daniel Bidner,Sweden,"Altitude sickness, Fall",8,"<re.Match object; span=(0, 4), match='1993'>",7
60,"1993, 30 July",Reinmar Joswig,Germany,Fall,8,"<re.Match object; span=(0, 4), match='1993'>",7
61,"1993, 30 July",Peter Mezger,Germany,Fall,8,"<re.Match object; span=(0, 4), match='1993'>",7
62,"1993, 7 July",Dan Culver,Canada,Fall,8,"<re.Match object; span=(0, 4), match='1993'>",7
63,"1993, 15 June",Boštjan Kekec,Slovenia,Altitude sickness,8,"<re.Match object; span=(0, 4), match='1993'>",6
64,"1992, 14 August",Adrián Benítez,Mexico,Fall,8,"<re.Match object; span=(0, 4), match='1992'>",8
65,"1989, 28 July",Hans Bärnthaler,Austria,Windslab Avalanche (E face) nearby peak,8,"<re.Match object; span=(0, 4), match='1989'>",7
66,"1987, 24 August",Akira Suzuki,Japan,Fall,8,"<re.Match object; span=(0, 4), match='1987'>",8
67,"1986, 10 August",Dobrosława Miodowicz-Wolf,Poland,Exhaustion,8,"<re.Match object; span=(0, 4), match='1986'>",8
68,"1986, 10 August",Alfred Imitzer,Austria,Altitude sickness,8,"<re.Match object; span=(0, 4), match='1986'>",8
69,"1986, 10 August",Hannes Wieser,Austria,Altitude sickness,8,"<re.Match object; span=(0, 4), match='1986'>",8
70,"1986, 10 August",Alan Rouse,United Kingdom,Altitude sickness,8,"<re.Match object; span=(0, 4), match='1986'>",8
71,"1986, 7 August",Julie Tullis,United Kingdom,Altitude sickness,8,"<re.Match object; span=(0, 4), match='1986'>",8
72,"1986, 4 August",Mohammad Ali,Pakistan,Stonefall,8,"<re.Match object; span=(0, 4), match='1986'>",8
73,"1986, 3 August",Wojciech Wróż [pl],Poland,Fall,8,"<re.Match object; span=(0, 4), match='1986'>",8
74,"1986, 16 July",Renato Casarotto,Italy,Fall into crevasse,8,"<re.Match object; span=(0, 4), match='1986'>",7
75,"1986, 10 July",Tadeusz Piotrowski,Poland,Fall,8,"<re.Match object; span=(0, 4), match='1986'>",7
76,"1986, 24 June",Maurice Barrard,France,"Lost, Body 1998 found near Camp 1",8,"<re.Match object; span=(0, 4), match='1986'>",6
77,"1986, 24 June",Liliane Barrard,France,"Lost, Body 1998 found near Camp 1",8,"<re.Match object; span=(0, 4), match='1986'>",6
78,"1986, 21 June",John Smolich,USA,Avalanche,8,"<re.Match object; span=(0, 4), match='1986'>",6
79,"1986, 21 June",Alan Pennington,USA,Avalanche,8,"<re.Match object; span=(0, 4), match='1986'>",6
80,"1985, 7 July",Daniel Lacroix,France,Unknown (disappeared),8,"<re.Match object; span=(0, 4), match='1985'>",7
81,"1982, 15 August",Yukihiro Yanagisawa,Japan,Fall,8,"<re.Match object; span=(0, 4), match='1982'>",8
82,"1982, 30 July",Halina Krüger-Syrokomska,Poland,Stroke,8,"<re.Match object; span=(0, 4), match='1982'>",7
83,"1979, 19 August",Laskhar Khan,Pakistan,Stroke,8,"<re.Match object; span=(0, 4), match='1979'>",8
84,"1979, 9 June","Ali, Son of Kazim",Pakistan,Fall into crevasse,8,"<re.Match object; span=(0, 4), match='1979'>",6
85,"1978, 12 June",Nick Estcourt,United Kingdom,Avalanche,8,"<re.Match object; span=(0, 4), match='1978'>",6
86,"1954, 21 June",Mario Puchoz,Italy,Pneumonia,8,"<re.Match object; span=(0, 4), match='1954'>",6
87,"1953, 10 August",Art Gilkey,USA,Avalanche,8,"<re.Match object; span=(0, 4), match='1953'>",8
88,"1939, 31 July",Pasang Kikuli,Nepal,Disappearance,8,"<re.Match object; span=(0, 4), match='1939'>",7
89,"1939, 31 July",Pasang Kitar,Nepal,Disappearance,8,"<re.Match object; span=(0, 4), match='1939'>",7
90,"1939, 31 July",Pintso,Nepal,Disappearance,8,"<re.Match object; span=(0, 4), match='1939'>",7
91,"1939, 30 July",Dudley Wolfe,USA,Altitude sickness and severe dehydration,8,"<re.Match object; span=(0, 4), match='1939'>",7
0,"2022, 6th May",Narayanan Iyer,India,Illness,9,"<re.Match object; span=(0, 4), match='2022'>",5
1,"2019, 15 May",Biplab Baidya,India,Hypothermia,9,"<re.Match object; span=(0, 4), match='2019'>",5
2,"2019, 15 May",Kuntal Kanrar,India,Hypothermia,9,"<re.Match object; span=(0, 4), match='2019'>",5
3,"2019, 15 May",Rodrigo Vivanco,Chile,Missing,9,"<re.Match object; span=(0, 4), match='2019'>",5
4,"2014, 20 May",Chhanda Gayen,India,Fall on descent above Camp 4,9,"<re.Match object; span=(0, 4), match='2014'>",5
5,"2014, 20 May",Migma Temba,Nepal,Fall on descent above Camp 4,9,"<re.Match object; span=(0, 4), match='2014'>",5
6,"2014, 20 May",Dewa Wangchu,Nepal,Fall on descent above Camp 4,9,"<re.Match object; span=(0, 4), match='2014'>",5
7,"2013, 21 May",Bibash Gurung Sherpa,Nepal,Fall,9,"<re.Match object; span=(0, 4), match='2013'>",5
8,"2013, 21 May",Pho Dorchi Sherpa,Nepal,Fall,9,"<re.Match object; span=(0, 4), match='2013'>",5
9,"2013, 21 May",Park-nam Su,South Korea,Fall,9,"<re.Match object; span=(0, 4), match='2013'>",5
10,"2013, 21 May",Péter Kiss,Hungary,Fall on descent above Camp 4,9,"<re.Match object; span=(0, 4), match='2013'>",5
11,"2013, 21 May",Zsolt Erőss,Hungary,Disappeared on descent above Camp 4,9,"<re.Match object; span=(0, 4), match='2013'>",5
12,"2007, 25 May",Iñigo de Pineda,Spain,Fall,9,"<re.Match object; span=(0, 4), match='2007'>",5
13,"2002, 24 May",Christopher Grasswick,Canada,Fall,9,"<re.Match object; span=(0, 4), match='2002'>",5
14,"2000, 23 April",Ang Dawa Tamang,Nepal,Hit by ice block,9,"<re.Match object; span=(0, 4), match='2000'>",4
15,"1999,14 September",Myeong-kun Hyun,South Korea,Avalanche,9,"<re.Match object; span=(0, 4), match='1999'>",9
16,"1999,14 September",Do-kyu Han,South Korea,Avalanche,9,"<re.Match object; span=(0, 4), match='1999'>",9
17,"1998, 16 May",Atsushi Shiina,Japan,Probably HACE,9,"<re.Match object; span=(0, 4), match='1998'>",5
18,"1998, 16 May",Kenzo Akasaka,Japan,Exhaustion,9,"<re.Match object; span=(0, 4), match='1998'>",5
19,"1995, 6 October",Benoît Chamoux,France,Disappeared,9,"<re.Match object; span=(0, 4), match='1995'>",10
20,"1995, 5 October",Pierre Royer,France,Disappeared,9,"<re.Match object; span=(0, 4), match='1995'>",10
21,"1995, 5 October",Sherpa Riku,Nepal,Fall,9,"<re.Match object; span=(0, 4), match='1995'>",10
22,"1994, 23 October",Yordanka Dimitrova,Bulgaria,Unknown (disappeared),9,"<re.Match object; span=(0, 4), match='1994'>",10
23,"1994, 10 October",Sergei Zhvirblya,Belarus,Avalanche,9,"<re.Match object; span=(0, 4), match='1994'>",10
24,"1994, 10 October",Ekaterina Ivanova,Russia,Avalanche,9,"<re.Match object; span=(0, 4), match='1994'>",10
25,"1992, 13 May",Wanda Rutkiewicz,Poland,Unknown (disappeared),9,"<re.Match object; span=(0, 4), match='1992'>",5
26,"1992, 25 April",Ang Dorje,Nepal,Suffocation,9,"<re.Match object; span=(0, 4), match='1992'>",4
27,"1992, 25 April",Lhakpa Nuru,Nepal,Suffocation,9,"<re.Match object; span=(0, 4), match='1992'>",4
28,"1991, 16 May",Pasang II,India,Fall,9,"<re.Match object; span=(0, 4), match='1991'>",5
29,"1991, 3 May",Jože Rozman,Yugoslavia,Fall,9,"<re.Match object; span=(0, 4), match='1991'>",5
30,"1991, 3 May",Marija Frantar,Yugoslavia,Fall,9,"<re.Match object; span=(0, 4), match='1991'>",5
31,"1989, 20 December",Tchiring Chumbi Lama,Nepal,Fall (on Yalung Kang [a.k.a. Kangchenjunga West]),9,"<re.Match object; span=(0, 4), match='1989'>",12
32,"1989, 20 December",Ang Dawa,Nepal,Fall (on Yalung Kang [a.k.a. Kangchenjunga West]),9,"<re.Match object; span=(0, 4), match='1989'>",12
33,"1989, 20 December",Kyo-sup Jin,South Korea,Fall (on Yalung Kang [a.k.a. Kangchenjunga West]),9,"<re.Match object; span=(0, 4), match='1989'>",12
34,"1988, 17 May",Sanjay Borole,India,Hypothermia,9,"<re.Match object; span=(0, 4), match='1988'>",5
35,"1987, 31 May",Chander Singh,India,Fall,9,"<re.Match object; span=(0, 4), match='1987'>",5
36,"1987, 25 May",Chorten Tshering,India,Disappearance,9,"<re.Match object; span=(0, 4), match='1987'>",5
37,"1987, 25 May",Phu Pu Bhutia,India,Disappearance,9,"<re.Match object; span=(0, 4), match='1987'>",5
38,"1987, 25 May",Phu Dorje II,India,Disappearance,9,"<re.Match object; span=(0, 4), match='1987'>",5
39,1986 January 11,Andrzej Czok,Poland,Pulmonary edema,9,"<re.Match object; span=(0, 4), match='1986'>",1
40,22 April 1985,Borut Bergant,Yugoslavia,Fall (on Yalung Kang [a.k.a. Kangchenjunga West]),9,1985,4
41,1985 January 14,Chris Chandler,United States,HACE,9,"<re.Match object; span=(0, 4), match='1985'>",1
42,1981 October 15,Jean-Jacques Ricouard,France,Fall,9,"<re.Match object; span=(0, 4), match='1981'>",10
43,4 May 1980,Alfonso Medina,Mexico,Disappeared (on Yalung Kang [a.k.a. Kangchenjunga West]),9,1980,5
44,4 May 1980,Hugo Saldaña,Mexico,Disappeared (on Yalung Kang [a.k.a. Kangchenjunga West]),9,1980,5
45,1977 April 12,Sukhvinder Singh,India,Fall,9,"<re.Match object; span=(0, 4), match='1977'>",4
46,1973 May 15,Takeo Matsuda,Japan,Hit by rock (after summitting Yalung Kang [a.k.a. Kangchenjunga West]),9,"<re.Match object; span=(0, 4), match='1973'>",5
47,26 May 1955,Pemi Dorje,India,Fall,9,1955,5
48,9 August 1931,Hermann Schaller,Germany,Fall,9,1931,8
49,9 August 1931,Pasang 1,India,Fall,9,1931,8
50,August 1931,Babu Lall,India,Illness (blackwater fever),9,1931,8
51,July 1931,Lobsang,India,Illness,9,1931,7
52,9 May 1930,Chettan,India,Avalanche,9,1930,5
53,27 May 1929,Edgar Farmer,United States,Disappeared,9,1929,5
54,1905 September 1,three unnamed others,India,Fall,9,"<re.Match object; span=(0, 4), match='1905'>",9
55,1905 September 1,Alexis Pache,Switzerland,Fall,9,"<re.Match object; span=(0, 4), match='1905'>",9
56,28 August 1905,unnamed porter,India,Fall,9,1905,8
0,17 May 2019,Ivan Tomov,Bulgaria,HACE,10,2019,5
1,17 May 2018,Rustem Amirov,Russia,Altitude sickness,10,2018,5
2,19 May 2016,Ang Furba Sherpa,Nepal,Fall,10,2016,5
3,27 April 2015,Hiroshi Yamagata,Japan,Avalanche (2015 Mount Everest avalanches),10,2015,4
4,25 April 2015,Zhen-Fang Ge,China,Avalanche (2015 Mount Everest avalanches),10,2015,4
5,18 April 2014,Asman Tamang,Nepal,Avalanche (2014 Mount Everest ice avalanche),10,2014,4
6,20 May 2013,Hsiao-Shih Lee,Taiwan,Altitude sickness,10,2013,5
7,16 October 2012,Temba Sherpa,Nepal,Fall,10,2012,10
8,21 May 2012,Milan Sedláček,Czech Republic,Exhaustion,10,2012,5
9,7 May 2010,Sergey Duganov,Russia,Altitude sickness,10,2010,5
10,25 May 2009,Sergey Samoilov,Kazakhstan,Fall,10,2009,5
11,21 May 2007,Pemba Doma,Nepal,Fall,10,2007,5
12,9 May 2006,Pavel Kalný,Czech Republic,Fall,10,2006,5
13,5 October 2003,Sun-dug Hwang,South Korea,Avalanche (on Lhotse Shar),10,2003,10
14,5 October 2003,Joo-hoon Park,South Korea,Avalanche (on Lhotse Shar),10,2003,10
15,17 September 2000,Vladimir Bondarev,Russia,Avalanche,10,2000,9
16,27 May 1997,Vladimir Bashkirov,Russia,Illness,10,1997,5
17,24 October 1989,Jerzy Kukuczka,Poland,Fall,10,1989,10
18,27 September 1987,Antoni (Toni) Sors,Spain,Avalanche (on Lhotse Shar),10,1987,9
19,27 September 1987,Sergio Escalera,Spain,Avalanche (on Lhotse Shar),10,1987,9
20,27 September 1987,Francesc Porras,Spain,Avalanche (on Lhotse Shar),10,1987,9
21,27 September 1987,Antonio Quiñones,Spain,Avalanche (on Lhotse Shar),10,1987,9
22,14 September 1987,Czesław Jakiel,Poland,Avalanche,10,1987,9
23,30 October 1986,Pedro Alonso,Spain,Fall (on Lhotse Shar),10,1986,10
24,25 October 1985,Rafał Chołda,Poland,Fall,10,1985,10
25,16 October 1981,Philippe Petten,Switzerland,Disappearance (on Lhotse Shar),10,1981,10
26,16 October 1981,Pierre Favez,Switzerland,Disappearance (on Lhotse Shar),10,1981,10
27,17 May 1980,Pasang Nima,Nepal,Avalanche,10,1980,5
28,28 April 1980,Nicolas Jaeger,France,Disappearance (on Lhotse Shar),10,1980,4
29,12 May 1977,Max Lutz,West Germany,Fall,10,1977,5
30,17 December 1974,Stanislaw Latałło,Poland,Exhaustion,10,1974,12
0,24 May 2019,Nima Tshering Sherpa,Nepal,Unknown,11,2019,5
1,16 May 2019,Dipankar Ghos,India,Disappearance,11,2019,5
2,16 May 2019,Narayan Singh,India,Altitude sickness,11,2019,5
3,8 May 2019,Richard Hidalgo,Peru,Unknown,11,2019,5
4,14 May 2018,Ang Dawa Sherpa,Nepal,Altitude sickness,11,2018,5
5,11 May 2016,Lakpa Sherpa,Nepal,Death possibly due to lack of oxygen,11,2016,5
6,11 May 2016,Dawa Tenji Sherpa,Nepal,Death possibly due to lack of oxygen,11,2016,5
7,2 May 2014,Yannick Gagneret,France,HACE,11,2014,5
8,24 April 2013,Liu Xiang-Yang,China,Fall on the descent from the summit,11,2013,4
9,22 May 2011,Joëlle Brupbacher,Switzerland,Altitude sickness,11,2011,5
10,30 May 2010,Zaharias (Haris) Kiriakakis,Greece,Disappearance,11,2010,5
11,24 May 2009,Sangat Ram Thakur,India,Illness,11,2009,5
12,20 May 2008,Nil Prasad Gurung,Nepal,Altitude sickness (?),11,2008,5
13,24 April 2008,Drabey Bahadur Rajan Mongar,Nepal,Fall,11,2008,4
14,27 January 2006,Jean-Christophe Lafaille,France,Disappearance,11,2006,1
15,15 May 2005,Sumba Sherpa,Nepal,Altitude sickness,11,2005,5
16,18 May 2004,Jay Sieger,United States,Fall,11,2004,5
17,17 May 2004,Vladislav Terzyul,Ukraine,Fall,11,2004,5
18,25 April 2002,Raymond Caughron,United States,Probably exhaustion,11,2002,4
19,14 May 2001,Eric Resch,Australia,Disappearance,11,2001,5
20,16 May 2000,Bernd Mehnert,Germany,Probably pulmonary embolism,11,2000,5
21,11 October 1999,Sange Sherpa,Nepal,Avalanche,11,1999,10
22,30 April 1999,Michael Knakkergaard-Jørgensen,Denmark,Fall,11,1999,4
23,13 October 1997,Per Lyhne,Denmark,Illness,11,1997,10
24,24 May 1997,Igor Bugachevski,Russia,Rockfall,11,1997,5
25,21 May 1997,Salavat Khabibullin,Russia,Exhaustion,11,1997,5
26,14 May 1996,Anatoli Chlekht,Russia,Fall,11,1996,5
27,8 May 1995,David Hume,Australia,Fall,11,1995,5
28,8 October 1991,Takumi Ishizaka,Japan,"Exhaustion, Exposure",11,1991,10
29,2 October 1991,Manuel (Manu) Badiola,Spain,Fall,11,1991,10
30,14 October 1988,Ryszard Kołakowski,Poland,Disappearance,11,1988,10
31,25 September 1986,Marcel Rüedi,Switzerland,Exhaustion,11,1986,9
32,13 September 1984,Ram Bahadur Shresta,Nepal,Pulmonary edema at base camp,11,1984,9
33,15 October 1983,Mark Moorhead,Australia,Fall,11,1983,10
34,3 October 1983,William Denz,New Zealand,Avalanche,11,1983,10
35,26 September 1982,Tadeusz Szulc,Poland,Illness,11,1982,9
36,6 October 1978,Andrzej Młynarczyk,Poland,Avalanche,11,1978,10
37,25 May 1976,Karel Schubert,Czechoslovakia,"Cold, exhaustion",11,1976,5
38,26 May 1973,Jan Kounický,Czechoslovakia,Fall,11,1973,5
39,26 September 1954,Dilli Bahadur Verma,Nepal,Pneumonia,11,1954,9
0,29 September 2021,Brent Seal,Canada,Stroke,12,2021,9
1,28 September 2019,Rita Bladyko,Poland,Altitude sickness,12,2019,9
2,29 September 2018,Roman Hlávko,Czech Republic,Probably fall,12,2018,9
3,8 September 2018,Hiromi Komatsu,Japan,Rescue helicopter crash,12,2018,9
4,25 September 2017,Philip Harvey,United Kingdom,Altitude Sickness,12,2017,9
5,26 October 2016,Hirotaka Onodera,Japan,Fall,12,2016,10
6,1 October 2015,Zoltan Benedek,Austria,Probably altitude sickness,12,2015,10
7,26 September 2014,Yoshimasa Sasaki,Japan,Fall,12,2014,9
8,4 October 2012,Victor Correa,Colombia,Unknown (disappeared),12,2012,10
9,23 September 2012,Dominique Ouimet,Canada,Avalanche,12,2012,9
10,23 September 2012,Gregory Ugo Costa,France,Avalanche,12,2012,9
11,23 September 2012,Alberto Magliano,Italy,Avalanche,12,2012,9
12,23 September 2012,Catherine Ricard,France,Avalanche,12,2012,9
13,23 September 2012,Christian Mittermeyer,Germany,Avalanche,12,2012,9
14,23 September 2012,Dawa Dorji Sherpa,Nepal,Avalanche,12,2012,9
15,23 September 2012,Fabrice Priez,France,Avalanche,12,2012,9
16,23 September 2012,Ludovic Challeat,France,Avalanche,12,2012,9
17,23 September 2012,Marti Roig Gasull,Spain,Avalanche,12,2012,9
18,23 September 2012,Phillippe Lucien Bos,France,Avalanche,12,2012,9
19,23 September 2012,Rémy Lécluse,France,Avalanche,12,2012,9
20,11 May 2012,Jafar Naseri,Iran,Unknown (disappeared),12,2012,5
21,12 May 2011,Tashi Chhiring,Nepal,Unknown (disappeared),12,2011,5
22,12 May 2011,Bernard Jean Francois Milian,France,Unknown (disappeared),12,2011,5
23,12 May 2011,Alain Peirre Marie Laurens,France,Unknown (disappeared),12,2011,5
24,29 April 2011,Eisa Mir-Shekari,Iran,Altitude sickness,12,2011,4
25,24 September 2010,Nobuaki Kuwabara,Japan,Illness,12,2010,9
26,24 April 2010,Chi-won Yun,South Korea,Unknown (disappeared),12,2010,4
27,24 April 2010,Haeng-su Park,South Korea,Exhaustion,12,2010,4
28,3 October 2009,Franc Oderlap,Slovenia,"Hit by falling seracs, died in hospital",12,2009,10
29,19 May 2009,Levente Szabó,Hungary,Fall,12,2009,5
30,28 April 2009,Giuseppe Antonelli,Italy,Illness,12,2009,4
31,5 October 2008,Daniel Goulevitch,France,Altitude sickness,12,2008,10
32,13 May 2008,Hasta Bahadur Gurung,Nepal,Illness,12,2008,5
33,28 May 2006,Susan Erica Fear,Australia,Fall in crevasse,12,2006,5
34,13 October 2001,Isao Kuribara,Nepal,"Altitude sickness, Exhaustion",12,2001,10
35,30 October 1998,Hristo Stantchev,Bulgaria,Fall,12,1998,10
36,26 October 1998,Lenin Granados,Colombia,Avalanche,12,1998,10
37,9 October 1997,Miroslav Rybansky,Slovakia,Collapsed,12,1997,10
38,8 October 1997,Juraj Kardhordo,Slovakia,Unknown (disappeared),12,1997,10
39,1 October 1996,Masatsugu Konishi,Japan,Unknown (disappeared),12,1996,10
40,7 May 1995,Michael Zunk,Germany,Fall,12,1995,5
41,6 May 1995,Jörg Starke,Germany,Fall,12,1995,5
42,22 October 1993,Sergei Jadrychnikov,Russia,Avalanche,12,1993,10
43,21 October 1993,Igor Khmiliar,Russia,Fall,12,1993,10
44,3 October 1992,Sven Vermeiren,Belgium,Fall,12,1992,10
45,2 October 1992,Sylwia Dmowska,Poland,Fall,12,1992,10
46,10 May 1991,Karl Großrubatscher,Italy,Fall,12,1991,5
47,10 May 1991,Gottfried Mutschlechner,Italy,Lightning,12,1991,5
48,7 September 1990,Murat Galiev,Soviet Union,Fall,12,1990,9
49,7 September 1990,Zinur Halitov,Soviet Union,Fall,12,1990,9
50,7 September 1990,Grigory Lunjakov,Soviet Union,Fall,12,1990,9
51,27 March 1990,Nima Wangchuk Sherpa,Nepal,Avalanche,12,1990,3
52,27 March 1990,Charles Schertz,United States,Avalanche,12,1990,3
53,27 March 1990,Nancy Jackson,United States,Avalanche,12,1990,3
54,7 May 1989,Santiago Suarez,Spain,Fall,12,1989,5
55,28 October 1987,Ichigi Kudo,Japan,Fall,12,1987,10
56,4 May 1986,Dieter Oberbichler,Austria,Fall,12,1986,5
57,3 May 1986,Wilhelm Klaiber,West Germany,Unknown (disappeared),12,1986,5
58,25 October 1985,Nima Norbu Sherpa,Nepal,Avalanche,12,1985,10
59,4 May 1985,Thomas Juen,Austria,Avalanche,12,1985,5
60,11 December 1983,Stanisław Jaworski,Poland,Fall,12,1983,12
61,24 April 1983,Ante Bućan,Yugoslavia,Avalanche,12,1983,4
62,24 April 1983,Nejc Zaplotnik,Yugoslavia,Avalanche,12,1983,4
63,18 December 1982,Takashi Sakuma,Japan,"Cold, Exhaustion",12,1982,12
64,10 May 1982,Pere Aymerich,Spain,Avalanche,12,1982,5
65,10 May 1982,Enric Font,Spain,Avalanche,12,1982,5
66,8 October 1979,Edgardo Jose Porsellana,Argentina,Avalanche,12,1979,10
67,5 May 1974,Teiko Suzuki,Japan,Unknown (disappeared),12,1974,5
68,26 April 1972,Andi Schlick,Austria,Unknown (disappeared),12,1972,4
69,25 April 1972,Franz Jäger,Austria,Unknown (disappeared),12,1972,4
70,10 April 1972,Wangel,Nepal,Avalanche,12,1972,4
71,10 April 1972,Rinsing Ongyal,Nepal,Avalanche,12,1972,4
72,10 April 1972,Phurba Tenzing,Nepal,Avalanche,12,1972,4
73,10 April 1972,Pemba Rinji (Nawang Chultim),Nepal,Avalanche,12,1972,4
74,10 April 1972,Pasang Nima,Nepal,Avalanche,12,1972,4
75,10 April 1972,Gyalze,Nepal,Avalanche,12,1972,4
76,10 April 1972,Ang Tendi (Ang Dawa),Nepal,Avalanche,12,1972,4
77,10 April 1972,Ang Rita,Nepal,Avalanche,12,1972,4
78,10 April 1972,Ang Mingma (b),Nepal,Avalanche,12,1972,4
79,10 April 1972,Ang Mingma (a),Nepal,Avalanche,12,1972,4
80,10 April 1972,Kazunari Yasuhisha,Japan,Avalanche,12,1972,4
81,10 April 1972,Chang-hee Park,South Korea,Avalanche,12,1972,4
82,10 April 1972,Sae-keon Oh,South Korea,Avalanche,12,1972,4
83,10 April 1972,Joon-haeng Song,South Korea,Avalanche,12,1972,4
84,10 April 1972,Ho-sup Kim,South Korea,Avalanche,12,1972,4
85,4 May 1971,Ki-sup Kim,South Korea,Fall,12,1971,5
0,24 February 2019,Daniele Nardi,Italy,Unknown,13,2019,2
1,24 February 2019,Tom Ballard,United Kingdom,Unknown,13,2019,2
2,27/28 January 2018,Tomasz Mackiewicz,Poland,Altitude Sickness,13,2018,1
3,24 June 2017,Alberto Zerain,Spain,Avalanche,13,2017,6
4,24 June 2017,Mariano Galvan,Argentina,Avalanche,13,2017,6
5,22 June 2013,Igor Svergun,Ukraine,Killed by Taliban at Diamir Base Camp,13,2013,6
6,22 June 2013,Badawi Kashaev,Ukraine,Killed by Taliban at Diamir Base Camp,13,2013,6
7,22 June 2013,Dmitry Konyaev,Ukraine,Killed by Taliban at Diamir Base Camp,13,2013,6
8,22 June 2013,Rao Jianfeng,China,Killed by Taliban at Diamir Base Camp,13,2013,6
9,22 June 2013,Yang Chunfeng,China,Killed by Taliban at Diamir Base Camp,13,2013,6
10,22 June 2013,Honglu Chen,China (USA/China dual national),Killed by Taliban at Diamir Base Camp,13,2013,6
11,22 June 2013,Sona Sherpa,Nepal,Killed by Taliban at Diamir Base Camp,13,2013,6
12,22 June 2013,Ernestas Markšaitis,Lithuania,Killed by Taliban at Diamir Base Camp,13,2013,6
13,22 June 2013,Ali Hussain,Pakistan,Killed by Taliban at Diamir Base Camp,13,2013,6
14,22 June 2013,Anton Dobes,Slovakia,Killed by Taliban at Diamir Base Camp,13,2013,6
15,22 June 2013,Peter Sperka,Slovakia,Killed by Taliban at Diamir Base Camp,13,2013,6
16,6 February 2013,Joel Wischnewski,France,Avalanche,13,2013,2
17,11 July 2009,Mi-young Go,South Korea,Fall,13,2009,7
18,10 July 2009,Wolfgang Kölblinger,Austria,Fall,13,2009,7
19,17 July 2008,Saman Nemati,Iran,Unknown,13,2008,7
20,15 July 2008,Karl Unterkircher,Italy,Fell into crevasse,13,2008,7
21,28 July 2006,Naohiro Ozawa,Japan,Unknown,13,2006,7
22,22 July 2006,José Antonio Delgado,Venezuela,Exposure,13,2006,7
23,1 July 2004,Günter Jung,Germany,Fall,13,2004,7
24,26 July 1998,Hideki Ohmiya,Japan,Fall,13,1998,7
25,30 July 1997,Joan Colet,Spain,Fell during descent,13,1997,7
26,20 June 1996,Răzvan Petcu,Romania,Avalanche,13,1996,6
27,20 June 1996,Gabriel Stana,Romania,Avalanche,13,1996,6
28,24 June 1994,Antonio Lopez,Spain,Fall,13,1994,6
29,7 July 1993,Chun-moon Ahn,South Korea,Unknown,13,1993,7
30,18 August 1990,Osami Nakajima,Japan,Fall,13,1990,8
31,3 July 1990,Chang-gi Park,South Korea,Fall into a crevasse,13,1990,7
32,18 July 1989,Tetsuya Baba,Japan,Lightning strike,13,1989,7
33,23 June 1989,Kwang-ho Kim,South Korea,Fall,13,1989,6
34,10 July 1985,Piotr Kalmus,Poland,Avalanche,13,1985,7
35,8 December 1984,Hiromi Kameda,Japan,Fall,13,1984,12
36,7 July 1984,Fuji Tsunoda,Japan,Avalanche,13,1984,7
37,7 July 1984,Shigeoh Hida,Japan,Avalanche,13,1984,7
38,7 July 1984,Nobuyuki Imakyurei,Japan,Avalanche,13,1984,7
39,7 July 1984,Takashi Kogure,Japan,Avalanche,13,1984,7
40,12 July 1983,Nobuyoshi Yamada,Japan,Avalanche,13,1983,7
41,12 July 1983,Yuichiro Takamori,Japan,Avalanche,13,1983,7
42,12 July 1983,Satoshi Iida,Japan,Avalanche,13,1983,7
43,17 June 1983,Kazuo Shimura,Japan,Fall,13,1983,6
44,8 June 1982,Peter Hiltbrand,Switzerland,Altitude sickness,13,1982,6
45,12 June 1982,Ali Sheikh,Pakistan,Fall,13,1982,6
46,4 June 1982,Peter Forrer,Switzerland,Avalanche,13,1982,6
47,28 April 1982,Matloob Hassan Nuri,Pakistan,Fall into crevasse,13,1982,4
48,31 July 1977,Robert Broughton,United States,Avalanche,13,1977,7
49,31 July 1977,George Bogel,United States,Avalanche,13,1977,7
50,26 September 1976,Sebastian (Wastl) Arnold,Austria,Fall,13,1976,9
51,8 July 1971,Näbi Mantas Hunza,Pakistan,Fall,13,1971,7
52,29 June 1970,Günther Messner,Italy,Avalanche,13,1970,6
53,23 June 1962,Siegfried (Sigi) Löw,Germany,Fall,13,1962,6
54,4 December 1950,John W. Thornley,United Kingdom,Unknown,13,1950,12
55,4 December 1950,William H. Crace,United Kingdom,Unknown,13,1950,12
56,14 / 15 June 1937,Karl Wien,Nazi Germany,Avalanche,13,1937,6
57,14 / 15 June 1937,Martin Pfeffer,Nazi Germany,Avalanche,13,1937,6
58,14 / 15 June 1937,Peter Müllritter,Nazi Germany,Avalanche,13,1937,6
59,14 / 15 June 1937,Günther Hepp,Nazi Germany,Avalanche,13,1937,6
60,14 / 15 June 1937,Hans Hartmann,Nazi Germany,Avalanche,13,1937,6
61,14 / 15 June 1937,Adolf Göttner,Nazi Germany,Avalanche,13,1937,6
62,14 / 15 June 1937,Pert Fankhauser,Austria,Avalanche,13,1937,6
63,14 / 15 June 1937,Tigmay,British Raj,Avalanche,13,1937,6
64,14 / 15 June 1937,Pasang Norbu,British Raj,Avalanche,13,1937,6
65,14 / 15 June 1937,Nima Tsering I,British Raj,Avalanche,13,1937,6
66,14 / 15 June 1937,Nima Tsering II,British Raj,Avalanche,13,1937,6
67,14 / 15 June 1937,Mingma Tsering,British Raj,Avalanche,13,1937,6
68,14 / 15 June 1937,Karmi,British Raj,Avalanche,13,1937,6
69,14 / 15 June 1937,Gyalgen Monjo,British Raj,Avalanche,13,1937,6
70,14 / 15 June 1937,Chong Karma,British Raj,Avalanche,13,1937,6
71,14 / 15 June 1937,Ang Tshering II,British Raj,Avalanche,13,1937,6
72,17 July 1934,Willy Merkl,Nazi Germany,Unknown,13,1934,7
73,17 July 1934,Sherpa Gyali,British Raj,Unknown,13,1934,7
74,12 July 1934,Wilhelm Welzenbach,Nazi Germany,Exposure,13,1934,7
75,10 July 1934,Sherpa Dakshi,British Raj,Unknown,13,1934,7
76,10 July 1934,Dorje Nima,British Raj,Exposure,13,1934,7
77,10 July 1934,Nima Tashi,British Raj,Exposure,13,1934,7
78,10 July 1934,Pinju Norbu,British Raj,Exposure,13,1934,7
79,9 July 1934,Nima Nurbu,British Raj,Unknown,13,1934,7
80,9 July 1934,Ulrich Wieland,Nazi Germany,Unknown,13,1934,7
81,8 June 1934,Alfred Drexel,Nazi Germany,Pneumonia,13,1934,6
82,24 August 1895,Albert F. Mummery,United Kingdom,Avalanche,13,1895,8
83,24 August 1895,Ragobir Thapa Ghurka,Nepal,Avalanche,13,1895,8
84,24 August 1895,Goman Singh Ghurka,Nepal,Avalanche,13,1895,8
0,3 May 2018,Boyan Petrov,Bulgaria,Disappearance,14,2018,5
1,30 Sept 2016,Pemba Sherpa (Taplejung 8),Nepal,Avalanche,14,2016,9
2,24 April 2016,Patrik Matiolli,Switzerland,Fall in crevasse,14,2016,4
3,24 April 2016,Jon Johnston,Australia,Fall in crevasse,14,2016,4
4,24 September 2014,Sebastian Haag,Germany,Avalanche,14,2014,9
5,24 September 2014,Andrea Zambaldi,Italy,Avalanche,14,2014,9
6,11 May 2013,Unknown,Germany,HAPE,14,2013,5
7,15 October 2009,Roby Piantoni,Italy,Fall,14,2009,10
8,24 April 2007,Marek Hudák,Slovakia,Disappearance,14,2007,4
9,31 October 2006,Bruno Carvalho,Portugal,Fall,14,2006,10
10,3 October 2005,Stanislav Krylov,Russia,Disappearance,14,2005,10
11,28 September 2005,Martin Oczko,Czech Republic,Altitude sickness,14,2005,9
12,5 October 1999,Alex Lowe,United States,Avalanche,14,1999,10
13,5 October 1999,David Bridges,United States,Avalanche,14,1999,10
14,21 May 1998,Andreino Pasini,Italy,Illness,14,1998,5
15,5 October 1996,Viktor Pastukh,Ukraine,Avalanche,14,1996,10
16,5 October 1996,Gennadi Vasilenko,Ukraine,Avalanche,14,1996,10
17,19 May 1996,Ming-Tse Kuo,Taiwan,Fall,14,1997,5
18,1 May 1996,Stefan Sluka,Slovakia,Disappeared on descent,14,1996,5
19,1 October 1994,Zdenek Slachta,Czech Republic,Avalanche,14,1994,10
20,18 September 1994,Tod Gassen,United States,Fall in crevasse,14,1994,9
21,29 September 1993,Bueoung-tae Park,South Korea,Fall,14,1993,9
22,20 September 1991,Hidekazu Gomi,Japan,Avalanche,14,1991,9
23,20 September 1991,Tetsuichi Miyashita,Japan,Avalanche,14,1991,9
24,22 May 1991,Werner Braun,Germany,Disappearance (probably avalanche),14,1991,5
25,22 May 1991,Werner Meichsner,Germany,Disappearance (probably avalanche),14,1991,5
26,22 May 1991,Günther Semmler,Germany,Disappearance (probably avalanche),14,1991,5
27,22 May 1991,Karl-Heinz Thiele,Germany,Disappearance (probably avalanche),14,1991,5
28,15 October 1990,Joan Martinez,Spain,Exposure,14,1990,10
29,4 October 1989,Luca Leonardi,Switzerland,Avalanche,14,1989,10
30,28 April 1983,Fritz Luchsinger,Switzerland,Altitude sickness,14,1983,4
